Flow Duration,Total Fwd Packets,Total Backward Packets,Total Length of Fwd Packets,Total Length of Bwd Packets,Fwd Packet Length Max,Fwd Packet Length Min,Fwd Packet Length Mean,Fwd Packet Length Std,Bwd Packet Length Max,Bwd Packet Length Min,Bwd Packet Length Mean,Bwd Packet Length Std,Flow Bytes/s,Flow Packets/s,Flow IAT Mean,Flow IAT Std,Flow IAT Max,Flow IAT Min,Fwd IAT Total,Fwd IAT Mean,Fwd IAT Std,Fwd IAT Max,Fwd IAT Min,Bwd IAT Total,Bwd IAT Mean,Bwd IAT Std,Bwd IAT Max,Bwd IAT Min,Fwd PSH Flags,Bwd PSH Flags,Fwd URG Flags,Bwd URG Flags,Fwd Header Length,Bwd Header Length,Fwd Packets/s,Bwd Packets/s,Min Packet Length,Max Packet Length,Packet Length Mean,Packet Length Std,Packet Length Variance,FIN Flag Count,SYN Flag Count,RST Flag Count,PSH Flag Count,ACK Flag Count,URG Flag Count,CWE Flag Count,ECE Flag Count,Down/Up Ratio,Average Packet Size,Avg Fwd Segment Size,Avg Bwd Segment Size,Fwd Header Length.1,Fwd Avg Bytes/Bulk,Fwd Avg Packets/Bulk,Fwd Avg Bulk Rate,Bwd Avg Bytes/Bulk,Bwd Avg Packets/Bulk,Bwd Avg Bulk Rate,Subflow Fwd Packets,Subflow Fwd Bytes,Subflow Bwd Packets,Subflow Bwd Bytes,Init_Win_bytes_forward,Init_Win_bytes_backward,act_data_pkt_fwd,min_seg_size_forward,Active Mean,Active Std,Active Max,Active Min,Idle Mean,Idle Std,Idle Max,Idle Min,Label
-0.5284676505250996,-0.0860010771949196,-0.0667712577451769,-0.034306030756703,-0.048288171356838,-0.2486590949708654,-0.2111739867175207,-0.2478936127582887,-0.2551040974969863,-0.5575562727562886,-0.2894225317509187,-0.5916634449439249,-0.5282229559332479,0.0,0.0,-0.383674726759859,-0.4893777324065602,-0.4869161486040792,-0.0549499982089911,-0.5206681605243519,-0.3924876504707552,-0.4683992110617034,-0.4828850945963775,-0.0946705924851398,-0.3262638650809851,-0.2164044044493636,-0.2561962325748274,-0.276214645568117,-0.0879368399186694,-0.2002238891750264,0.0,-0.004201050309851,0.0,-0.0986358496183803,-0.0927094565837939,-0.2124479018380298,0.1326857395586382,-0.4410602834353505,-0.5673684319832873,-0.6230877550978614,-0.5670749396477422,-0.4311282578296589,-0.2502766067129723,-0.2002238891750264,-0.0118830987139342,1.2254728920670044,-0.7588651797934491,-0.2810490532092469,-0.004201050309851,-0.0118830987139342,0.5859684647458122,-0.6245369223940151,-0.2478936127582887,-0.5916634449439345,-0.0986358496183803,0.0,0.0,0.0,0.0,0.0,0.0,-0.0860010771949196,-0.034306030756703,-0.0667712577451769,-0.0483351748768585,1.5814447197930164,-0.2575493539260567,-0.0585279065520196,1.919133862220967,-0.1098892891813315,-0.0817863313931983,-0.1286197619184162,-0.0948600784813901,-0.4587285357653331,-0.1376512549750774,-0.466440216124088,-0.4420572865732243,1
-0.5284682768224161,-0.0860010771949196,-0.0667712577451769,-0.034306030756703,-0.048288171356838,-0.2486590949708654,-0.2111739867175207,-0.2478936127582887,-0.2551040974969863,-0.5575562727562886,-0.2894225317509187,-0.5916634449439249,-0.5282229559332479,0.0,0.0,-0.3836795162043293,-0.4893777324065602,-0.4869168481163015,-0.0549569454208826,-0.5206681605243519,-0.3924876504707552,-0.4683992110617034,-0.4828850945963775,-0.0946705924851398,-0.3262638650809851,-0.2164044044493636,-0.2561962325748274,-0.276214645568117,-0.0879368399186694,-0.2002238891750264,0.0,-0.004201050309851,0.0,-0.0986358496183803,-0.0927094565837939,-0.1893213234377982,0.2859855453297717,-0.4410602834353505,-0.5673684319832873,-0.6230877550978614,-0.5670749396477422,-0.4311282578296589,-0.2502766067129723,-0.2002238891750264,-0.0118830987139342,1.2254728920670044,-0.7588651797934491,-0.2810490532092469,-0.004201050309851,-0.0118830987139342,0.5859684647458122,-0.6245369223940151,-0.2478936127582887,-0.5916634449439345,-0.0986358496183803,0.0,0.0,0.0,0.0,0.0,0.0,-0.0860010771949196,-0.034306030756703,-0.0667712577451769,-0.0483351748768585,1.5814447197930164,-0.2575493539260567,-0.0585279065520196,1.919133862220967,-0.1098892891813315,-0.0817863313931983,-0.1286197619184162,-0.0948600784813901,-0.4587285357653331,-0.1376512549750774,-0.466440216124088,-0.4420572865732243,1
-0.5284685763559153,-0.0860010771949196,-0.0667712577451769,-0.0342123630689477,-0.048288171356838,-0.2456698540395862,-0.1693819587286296,-0.2364051085897547,-0.2551040974969863,-0.5575562727562886,-0.2894225317509187,-0.5916634449439249,-0.5282229559332479,0.0,0.0,-0.3836818068082064,-0.4893777324065602,-0.4869171826656253,-0.0549602680004828,-0.5206681605243519,-0.3924876504707552,-0.4683992110617034,-0.4828850945963775,-0.0946705924851398,-0.3262638650809851,-0.2164044044493636,-0.2561962325748274,-0.276214645568117,-0.0879368399186694,-0.2002238891750264,0.0,-0.004201050309851,0.0,-0.1117793011235614,-0.0927094565837939,-0.1688593291020673,0.4216225471841471,-0.3398023374913729,-0.5673684319832873,-0.6198172560056342,-0.568381880238974,-0.4311310348298057,-0.2502766067129723,-0.2002238891750264,-0.0118830987139342,1.2254728920670044,-0.7588651797934491,-0.2810490532092469,-0.004201050309851,-0.0118830987139342,0.5859684647458122,-0.62006669677091,-0.2364051085897547,-0.5916634449439345,-0.1117793011235614,0.0,0.0,0.0,0.0,0.0,0.0,-0.0860010771949196,-0.0342123630689477,-0.0667712577451769,-0.0483351748768585,-0.5242893639295209,-0.2575493539260567,-0.0585279065520196,-0.4349034111170323,-0.1098892891813315,-0.0817863313931983,-0.1286197619184162,-0.0948600784813901,-0.4587285357653331,-0.1376512549750774,-0.466440216124088,-0.4420572865732243,1
-0.5284690392713232,-0.0860010771949196,-0.0667712577451769,-0.0342123630689477,-0.048288171356838,-0.2456698540395862,-0.1693819587286296,-0.2364051085897547,-0.2551040974969863,-0.5575562727562886,-0.2894225317509187,-0.5916634449439249,-0.5282229559332479,0.0,0.0,-0.3836853468323801,-0.4893777324065602,-0.4869176996963983,-0.0549654028962287,-0.5206681605243519,-0.3924876504707552,-0.4683992110617034,-0.4828850945963775,-0.0946705924851398,-0.3262638650809851,-0.2164044044493636,-0.2561962325748274,-0.276214645568117,-0.0879368399186694,-0.2002238891750264,0.0,-0.004201050309851,0.0,-0.1117793011235614,-0.0927094565837939,-0.098738581677057,0.8864339332330726,-0.3398023374913729,-0.5673684319832873,-0.6198172560056342,-0.568381880238974,-0.4311310348298057,-0.2502766067129723,-0.2002238891750264,-0.0118830987139342,1.2254728920670044,-0.7588651797934491,-0.2810490532092469,-0.004201050309851,-0.0118830987139342,0.5859684647458122,-0.62006669677091,-0.2364051085897547,-0.5916634449439345,-0.1117793011235614,0.0,0.0,0.0,0.0,0.0,0.0,-0.0860010771949196,-0.0342123630689477,-0.0667712577451769,-0.0483351748768585,-0.5242893639295209,-0.2575493539260567,-0.0585279065520196,-0.4349034111170323,-0.1098892891813315,-0.0817863313931983,-0.1286197619184162,-0.0948600784813901,-0.4587285357653331,-0.1376512549750774,-0.466440216124088,-0.4420572865732243,1
-0.5284684946649609,-0.0860010771949196,-0.0667712577451769,-0.034306030756703,-0.048288171356838,-0.2486590949708654,-0.2111739867175207,-0.2478936127582887,-0.2551040974969863,-0.5575562727562886,-0.2894225317509187,-0.5916634449439249,-0.5282229559332479,0.0,0.0,-0.3836811820980581,-0.4893777324065602,-0.4869170914249006,-0.05495936184241,-0.5206681605243519,-0.3924876504707552,-0.4683992110617034,-0.4828850945963775,-0.0946705924851398,-0.3262638650809851,-0.2164044044493636,-0.2561962325748274,-0.276214645568117,-0.0879368399186694,-0.2002238891750264,0.0,-0.004201050309851,0.0,-0.0986358496183803,-0.0927094565837939,-0.1754781137558136,0.3777484217385038,-0.4410602834353505,-0.5673684319832873,-0.6230877550978614,-0.5670749396477422,-0.4311282578296589,-0.2502766067129723,-0.2002238891750264,-0.0118830987139342,1.2254728920670044,-0.7588651797934491,-0.2810490532092469,-0.004201050309851,-0.0118830987139342,0.5859684647458122,-0.6245369223940151,-0.2478936127582887,-0.5916634449439345,-0.0986358496183803,0.0,0.0,0.0,0.0,0.0,0.0,-0.0860010771949196,-0.034306030756703,-0.0667712577451769,-0.0483351748768585,1.5814447197930164,-0.2575493539260567,-0.0585279065520196,1.919133862220967,-0.1098892891813315,-0.0817863313931983,-0.1286197619184162,-0.0948600784813901,-0.4587285357653331,-0.1376512549750774,-0.466440216124088,-0.4420572865732243,1
-0.5284684946649609,-0.0860010771949196,-0.0667712577451769,-0.034306030756703,-0.048288171356838,-0.2486590949708654,-0.2111739867175207,-0.2478936127582887,-0.2551040974969863,-0.5575562727562886,-0.2894225317509187,-0.5916634449439249,-0.5282229559332479,0.0,0.0,-0.3836811820980581,-0.4893777324065602,-0.4869170914249006,-0.05495936184241,-0.5206681605243519,-0.3924876504707552,-0.4683992110617034,-0.4828850945963775,-0.0946705924851398,-0.3262638650809851,-0.2164044044493636,-0.2561962325748274,-0.276214645568117,-0.0879368399186694,-0.2002238891750264,0.0,-0.004201050309851,0.0,-0.0986358496183803,-0.0927094565837939,-0.1754781137558136,0.3777484217385038,-0.4410602834353505,-0.5673684319832873,-0.6230877550978614,-0.5670749396477422,-0.4311282578296589,-0.2502766067129723,-0.2002238891750264,-0.0118830987139342,1.2254728920670044,-0.7588651797934491,-0.2810490532092469,-0.004201050309851,-0.0118830987139342,0.5859684647458122,-0.6245369223940151,-0.2478936127582887,-0.5916634449439345,-0.0986358496183803,0.0,0.0,0.0,0.0,0.0,0.0,-0.0860010771949196,-0.034306030756703,-0.0667712577451769,-0.0483351748768585,1.5814447197930164,-0.2575493539260567,-0.0585279065520196,1.919133862220967,-0.1098892891813315,-0.0817863313931983,-0.1286197619184162,-0.0948600784813901,-0.4587285357653331,-0.1376512549750774,-0.466440216124088,-0.4420572865732243,1
-0.5284681134405075,-0.0860010771949196,-0.0667712577451769,-0.034306030756703,-0.048288171356838,-0.2486590949708654,-0.2111739867175207,-0.2478936127582887,-0.2551040974969863,-0.5575562727562886,-0.2894225317509187,-0.5916634449439249,-0.5282229559332479,0.0,0.0,-0.3836782667840327,-0.4893777324065602,-0.4869166656348522,-0.054955133104737,-0.5206681605243519,-0.3924876504707552,-0.4683992110617034,-0.4828850945963775,-0.0946705924851398,-0.3262638650809851,-0.2164044044493636,-0.2561962325748274,-0.276214645568117,-0.0879368399186694,-0.2002238891750264,0.0,-0.004201050309851,0.0,-0.0986358496183803,-0.0927094565837939,-0.1971536657783402,0.2340670756470239,-0.4410602834353505,-0.5673684319832873,-0.6230877550978614,-0.5670749396477422,-0.4311282578296589,-0.2502766067129723,-0.2002238891750264,-0.0118830987139342,1.2254728920670044,-0.7588651797934491,-0.2810490532092469,-0.004201050309851,-0.0118830987139342,0.5859684647458122,-0.6245369223940151,-0.2478936127582887,-0.5916634449439345,-0.0986358496183803,0.0,0.0,0.0,0.0,0.0,0.0,-0.0860010771949196,-0.034306030756703,-0.0667712577451769,-0.0483351748768585,1.5814447197930164,-0.2575493539260567,-0.0585279065520196,1.919133862220967,-0.1098892891813315,-0.0817863313931983,-0.1286197619184162,-0.0948600784813901,-0.4587285357653331,-0.1376512549750774,-0.466440216124088,-0.4420572865732243,1
-0.5284682223617799,-0.0860010771949196,-0.0667712577451769,-0.0342123630689477,-0.048288171356838,-0.2456698540395862,-0.1693819587286296,-0.2364051085897547,-0.2551040974969863,-0.5575562727562886,-0.2894225317509187,-0.5916634449439249,-0.5282229559332479,0.0,0.0,-0.3836790997308971,-0.4893777324065602,-0.4869167872891518,-0.0549563413155007,-0.5206681605243519,-0.3924876504707552,-0.4683992110617034,-0.4828850945963775,-0.0946705924851398,-0.3262638650809851,-0.2164044044493636,-0.2561962325748274,-0.276214645568117,-0.0879368399186694,-0.2002238891750264,0.0,-0.004201050309851,0.0,-0.1117793011235614,-0.0927094565837939,-0.1921291442782924,0.2673732637358981,-0.3398023374913729,-0.5673684319832873,-0.6198172560056342,-0.568381880238974,-0.4311310348298057,-0.2502766067129723,-0.2002238891750264,-0.0118830987139342,1.2254728920670044,-0.7588651797934491,-0.2810490532092469,-0.004201050309851,-0.0118830987139342,0.5859684647458122,-0.62006669677091,-0.2364051085897547,-0.5916634449439345,-0.1117793011235614,0.0,0.0,0.0,0.0,0.0,0.0,-0.0860010771949196,-0.0342123630689477,-0.0667712577451769,-0.0483351748768585,-0.5242893639295209,-0.2575493539260567,-0.0585279065520196,-0.4349034111170323,-0.1098892891813315,-0.0817863313931983,-0.1286197619184162,-0.0948600784813901,-0.4587285357653331,-0.1376512549750774,-0.466440216124088,-0.4420572865732243,1
-0.5284690937319594,-0.0860010771949196,-0.0667712577451769,-0.0342123630689477,-0.048288171356838,-0.2456698540395862,-0.1693819587286296,-0.2364051085897547,-0.2551040974969863,-0.5575562727562886,-0.2894225317509187,-0.5916634449439249,-0.5282229559332479,0.0,0.0,-0.3836857633058123,-0.4893777324065602,-0.486917760523548,-0.0549660070016106,-0.5206681605243519,-0.3924876504707552,-0.4683992110617034,-0.4828850945963775,-0.0946705924851398,-0.3262638650809851,-0.2164044044493636,-0.2561962325748274,-0.276214645568117,-0.0879368399186694,-0.2002238891750264,0.0,-0.004201050309851,0.0,-0.1117793011235614,-0.0927094565837939,-0.0830252489191577,0.9905933474842972,-0.3398023374913729,-0.5673684319832873,-0.6198172560056342,-0.568381880238974,-0.4311310348298057,-0.2502766067129723,-0.2002238891750264,-0.0118830987139342,1.2254728920670044,-0.7588651797934491,-0.2810490532092469,-0.004201050309851,-0.0118830987139342,0.5859684647458122,-0.62006669677091,-0.2364051085897547,-0.5916634449439345,-0.1117793011235614,0.0,0.0,0.0,0.0,0.0,0.0,-0.0860010771949196,-0.0342123630689477,-0.0667712577451769,-0.0483351748768585,-0.5242893639295209,-0.2575493539260567,-0.0585279065520196,-0.4349034111170323,-0.1098892891813315,-0.0817863313931983,-0.1286197619184162,-0.0948600784813901,-0.4587285357653331,-0.1376512549750774,-0.466440216124088,-0.4420572865732243,1
-0.5284684674346429,-0.0860010771949196,-0.0667712577451769,-0.0342123630689477,-0.048288171356838,-0.2456698540395862,-0.1693819587286296,-0.2364051085897547,-0.2551040974969863,-0.5575562727562886,-0.2894225317509187,-0.5916634449439249,-0.5282229559332479,0.0,0.0,-0.383680973861342,-0.4893777324065602,-0.4869170610113257,-0.0549590597897191,-0.5206681605243519,-0.3924876504707552,-0.4683992110617034,-0.4828850945963775,-0.0946705924851398,-0.3262638650809851,-0.2164044044493636,-0.2561962325748274,-0.276214645568117,-0.0879368399186694,-0.2002238891750264,0.0,-0.004201050309851,0.0,-0.1117793011235614,-0.0927094565837939,-0.1774838060475324,0.3644532323924628,-0.3398023374913729,-0.5673684319832873,-0.6198172560056342,-0.568381880238974,-0.4311310348298057,-0.2502766067129723,-0.2002238891750264,-0.0118830987139342,1.2254728920670044,-0.7588651797934491,-0.2810490532092469,-0.004201050309851,-0.0118830987139342,0.5859684647458122,-0.62006669677091,-0.2364051085897547,-0.5916634449439345,-0.1117793011235614,0.0,0.0,0.0,0.0,0.0,0.0,-0.0860010771949196,-0.0342123630689477,-0.0667712577451769,-0.0483351748768585,-0.5242893639295209,-0.2575493539260567,-0.0585279065520196,-0.4349034111170323,-0.1098892891813315,-0.0817863313931983,-0.1286197619184162,-0.0948600784813901,-0.4587285357653331,-0.1376512549750774,-0.466440216124088,-0.4420572865732243,1
-0.5284684674346429,-0.0860010771949196,-0.0667712577451769,-0.0342123630689477,-0.048288171356838,-0.2456698540395862,-0.1693819587286296,-0.2364051085897547,-0.2551040974969863,-0.5575562727562886,-0.2894225317509187,-0.5916634449439249,-0.5282229559332479,0.0,0.0,-0.383680973861342,-0.4893777324065602,-0.4869170610113257,-0.0549590597897191,-0.5206681605243519,-0.3924876504707552,-0.4683992110617034,-0.4828850945963775,-0.0946705924851398,-0.3262638650809851,-0.2164044044493636,-0.2561962325748274,-0.276214645568117,-0.0879368399186694,-0.2002238891750264,0.0,-0.004201050309851,0.0,-0.1117793011235614,-0.0927094565837939,-0.1774838060475324,0.3644532323924628,-0.3398023374913729,-0.5673684319832873,-0.6198172560056342,-0.568381880238974,-0.4311310348298057,-0.2502766067129723,-0.2002238891750264,-0.0118830987139342,1.2254728920670044,-0.7588651797934491,-0.2810490532092469,-0.004201050309851,-0.0118830987139342,0.5859684647458122,-0.62006669677091,-0.2364051085897547,-0.5916634449439345,-0.1117793011235614,0.0,0.0,0.0,0.0,0.0,0.0,-0.0860010771949196,-0.0342123630689477,-0.0667712577451769,-0.0483351748768585,-0.5242893639295209,-0.2575493539260567,-0.0585279065520196,-0.4349034111170323,-0.1098892891813315,-0.0817863313931983,-0.1286197619184162,-0.0948600784813901,-0.4587285357653331,-0.1376512549750774,-0.466440216124088,-0.4420572865732243,1
-0.5284684674346429,-0.0860010771949196,-0.0667712577451769,-0.0342123630689477,-0.048288171356838,-0.2456698540395862,-0.1693819587286296,-0.2364051085897547,-0.2551040974969863,-0.5575562727562886,-0.2894225317509187,-0.5916634449439249,-0.5282229559332479,0.0,0.0,-0.383680973861342,-0.4893777324065602,-0.4869170610113257,-0.0549590597897191,-0.5206681605243519,-0.3924876504707552,-0.4683992110617034,-0.4828850945963775,-0.0946705924851398,-0.3262638650809851,-0.2164044044493636,-0.2561962325748274,-0.276214645568117,-0.0879368399186694,-0.2002238891750264,0.0,-0.004201050309851,0.0,-0.1117793011235614,-0.0927094565837939,-0.1774838060475324,0.3644532323924628,-0.3398023374913729,-0.5673684319832873,-0.6198172560056342,-0.568381880238974,-0.4311310348298057,-0.2502766067129723,-0.2002238891750264,-0.0118830987139342,1.2254728920670044,-0.7588651797934491,-0.2810490532092469,-0.004201050309851,-0.0118830987139342,0.5859684647458122,-0.62006669677091,-0.2364051085897547,-0.5916634449439345,-0.1117793011235614,0.0,0.0,0.0,0.0,0.0,0.0,-0.0860010771949196,-0.0342123630689477,-0.0667712577451769,-0.0483351748768585,-0.5242893639295209,-0.2575493539260567,-0.0585279065520196,-0.4349034111170323,-0.1098892891813315,-0.0817863313931983,-0.1286197619184162,-0.0948600784813901,-0.4587285357653331,-0.1376512549750774,-0.466440216124088,-0.4420572865732243,1
-0.5284683312830524,-0.0860010771949196,-0.0667712577451769,-0.034306030756703,-0.048288171356838,-0.2486590949708654,-0.2111739867175207,-0.2478936127582887,-0.2551040974969863,-0.5575562727562886,-0.2894225317509187,-0.5916634449439249,-0.5282229559332479,0.0,0.0,-0.3836799326777615,-0.4893777324065602,-0.4869169089434513,-0.0549575495262644,-0.5206681605243519,-0.3924876504707552,-0.4683992110617034,-0.4828850945963775,-0.0946705924851398,-0.3262638650809851,-0.2164044044493636,-0.2561962325748274,-0.276214645568117,-0.0879368399186694,-0.2002238891750264,0.0,-0.004201050309851,0.0,-0.0986358496183803,-0.0927094565837939,-0.1862842927296761,0.30611719687021,-0.4410602834353505,-0.5673684319832873,-0.6230877550978614,-0.5670749396477422,-0.4311282578296589,-0.2502766067129723,-0.2002238891750264,-0.0118830987139342,1.2254728920670044,-0.7588651797934491,-0.2810490532092469,-0.004201050309851,-0.0118830987139342,0.5859684647458122,-0.6245369223940151,-0.2478936127582887,-0.5916634449439345,-0.0986358496183803,0.0,0.0,0.0,0.0,0.0,0.0,-0.0860010771949196,-0.034306030756703,-0.0667712577451769,-0.0483351748768585,1.5814447197930164,-0.2575493539260567,-0.0585279065520196,1.919133862220967,-0.1098892891813315,-0.0817863313931983,-0.1286197619184162,-0.0948600784813901,-0.4587285357653331,-0.1376512549750774,-0.466440216124088,-0.4420572865732243,1
-0.5284683312830524,-0.0860010771949196,-0.0667712577451769,-0.034306030756703,-0.048288171356838,-0.2486590949708654,-0.2111739867175207,-0.2478936127582887,-0.2551040974969863,-0.5575562727562886,-0.2894225317509187,-0.5916634449439249,-0.5282229559332479,0.0,0.0,-0.3836799326777615,-0.4893777324065602,-0.4869169089434513,-0.0549575495262644,-0.5206681605243519,-0.3924876504707552,-0.4683992110617034,-0.4828850945963775,-0.0946705924851398,-0.3262638650809851,-0.2164044044493636,-0.2561962325748274,-0.276214645568117,-0.0879368399186694,-0.2002238891750264,0.0,-0.004201050309851,0.0,-0.0986358496183803,-0.0927094565837939,-0.1862842927296761,0.30611719687021,-0.4410602834353505,-0.5673684319832873,-0.6230877550978614,-0.5670749396477422,-0.4311282578296589,-0.2502766067129723,-0.2002238891750264,-0.0118830987139342,1.2254728920670044,-0.7588651797934491,-0.2810490532092469,-0.004201050309851,-0.0118830987139342,0.5859684647458122,-0.6245369223940151,-0.2478936127582887,-0.5916634449439345,-0.0986358496183803,0.0,0.0,0.0,0.0,0.0,0.0,-0.0860010771949196,-0.034306030756703,-0.0667712577451769,-0.0483351748768585,1.5814447197930164,-0.2575493539260567,-0.0585279065520196,1.919133862220967,-0.1098892891813315,-0.0817863313931983,-0.1286197619184162,-0.0948600784813901,-0.4587285357653331,-0.1376512549750774,-0.466440216124088,-0.4420572865732243,1
-0.528468521895279,-0.0860010771949196,-0.0667712577451769,-0.034306030756703,-0.048288171356838,-0.2486590949708654,-0.2111739867175207,-0.2478936127582887,-0.2551040974969863,-0.5575562727562886,-0.2894225317509187,-0.5916634449439249,-0.5282229559332479,0.0,0.0,-0.3836813903347742,-0.4893777324065602,-0.4869171218384755,-0.054959663895101,-0.5206681605243519,-0.3924876504707552,-0.4683992110617034,-0.4828850945963775,-0.0946705924851398,-0.3262638650809851,-0.2164044044493636,-0.2561962325748274,-0.276214645568117,-0.0879368399186694,-0.2002238891750264,0.0,-0.004201050309851,0.0,-0.0986358496183803,-0.0927094565837939,-0.1733769122675917,0.3916767156026415,-0.4410602834353505,-0.5673684319832873,-0.6230877550978614,-0.5670749396477422,-0.4311282578296589,-0.2502766067129723,-0.2002238891750264,-0.0118830987139342,1.2254728920670044,-0.7588651797934491,-0.2810490532092469,-0.004201050309851,-0.0118830987139342,0.5859684647458122,-0.6245369223940151,-0.2478936127582887,-0.5916634449439345,-0.0986358496183803,0.0,0.0,0.0,0.0,0.0,0.0,-0.0860010771949196,-0.034306030756703,-0.0667712577451769,-0.0483351748768585,1.5814447197930164,-0.2575493539260567,-0.0585279065520196,1.919133862220967,-0.1098892891813315,-0.0817863313931983,-0.1286197619184162,-0.0948600784813901,-0.4587285357653331,-0.1376512549750774,-0.466440216124088,-0.4420572865732243,1
-0.528467759446372,-0.0860010771949196,-0.0667712577451769,-0.0342123630689477,-0.048288171356838,-0.2456698540395862,-0.1693819587286296,-0.2364051085897547,-0.2551040974969863,-0.5575562727562886,-0.2894225317509187,-0.5916634449439249,-0.5282229559332479,0.0,0.0,-0.3836755597067234,-0.4893777324065602,-0.4869162702583787,-0.0549512064197549,-0.5206681605243519,-0.3924876504707552,-0.4683992110617034,-0.4828850945963775,-0.0946705924851398,-0.3262638650809851,-0.2164044044493636,-0.2561962325748274,-0.276214645568117,-0.0879368399186694,-0.2002238891750264,0.0,-0.004201050309851,0.0,-0.1117793011235614,-0.0927094565837939,-0.2095175775917861,0.1521100629505972,-0.3398023374913729,-0.5673684319832873,-0.6198172560056342,-0.568381880238974,-0.4311310348298057,-0.2502766067129723,-0.2002238891750264,-0.0118830987139342,1.2254728920670044,-0.7588651797934491,-0.2810490532092469,-0.004201050309851,-0.0118830987139342,0.5859684647458122,-0.62006669677091,-0.2364051085897547,-0.5916634449439345,-0.1117793011235614,0.0,0.0,0.0,0.0,0.0,0.0,-0.0860010771949196,-0.0342123630689477,-0.0667712577451769,-0.0483351748768585,-0.5242893639295209,-0.2575493539260567,-0.0585279065520196,-0.4349034111170323,-0.1098892891813315,-0.0817863313931983,-0.1286197619184162,-0.0948600784813901,-0.4587285357653331,-0.1376512549750774,-0.466440216124088,-0.4420572865732243,1
-0.5284683312830524,-0.0860010771949196,-0.0667712577451769,-0.0342123630689477,-0.048288171356838,-0.2456698540395862,-0.1693819587286296,-0.2364051085897547,-0.2551040974969863,-0.5575562727562886,-0.2894225317509187,-0.5916634449439249,-0.5282229559332479,0.0,0.0,-0.3836799326777615,-0.4893777324065602,-0.4869169089434513,-0.0549575495262644,-0.5206681605243519,-0.3924876504707552,-0.4683992110617034,-0.4828850945963775,-0.0946705924851398,-0.3262638650809851,-0.2164044044493636,-0.2561962325748274,-0.276214645568117,-0.0879368399186694,-0.2002238891750264,0.0,-0.004201050309851,0.0,-0.1117793011235614,-0.0927094565837939,-0.1862842927296761,0.30611719687021,-0.3398023374913729,-0.5673684319832873,-0.6198172560056342,-0.568381880238974,-0.4311310348298057,-0.2502766067129723,-0.2002238891750264,-0.0118830987139342,1.2254728920670044,-0.7588651797934491,-0.2810490532092469,-0.004201050309851,-0.0118830987139342,0.5859684647458122,-0.62006669677091,-0.2364051085897547,-0.5916634449439345,-0.1117793011235614,0.0,0.0,0.0,0.0,0.0,0.0,-0.0860010771949196,-0.0342123630689477,-0.0667712577451769,-0.0483351748768585,-0.5242893639295209,-0.2575493539260567,-0.0585279065520196,-0.4349034111170323,-0.1098892891813315,-0.0817863313931983,-0.1286197619184162,-0.0948600784813901,-0.4587285357653331,-0.1376512549750774,-0.466440216124088,-0.4420572865732243,1
-0.5284683312830524,-0.0860010771949196,-0.0667712577451769,-0.0342123630689477,-0.048288171356838,-0.2456698540395862,-0.1693819587286296,-0.2364051085897547,-0.2551040974969863,-0.5575562727562886,-0.2894225317509187,-0.5916634449439249,-0.5282229559332479,0.0,0.0,-0.3836799326777615,-0.4893777324065602,-0.4869169089434513,-0.0549575495262644,-0.5206681605243519,-0.3924876504707552,-0.4683992110617034,-0.4828850945963775,-0.0946705924851398,-0.3262638650809851,-0.2164044044493636,-0.2561962325748274,-0.276214645568117,-0.0879368399186694,-0.2002238891750264,0.0,-0.004201050309851,0.0,-0.1117793011235614,-0.0927094565837939,-0.1862842927296761,0.30611719687021,-0.3398023374913729,-0.5673684319832873,-0.6198172560056342,-0.568381880238974,-0.4311310348298057,-0.2502766067129723,-0.2002238891750264,-0.0118830987139342,1.2254728920670044,-0.7588651797934491,-0.2810490532092469,-0.004201050309851,-0.0118830987139342,0.5859684647458122,-0.62006669677091,-0.2364051085897547,-0.5916634449439345,-0.1117793011235614,0.0,0.0,0.0,0.0,0.0,0.0,-0.0860010771949196,-0.0342123630689477,-0.0667712577451769,-0.0483351748768585,-0.5242893639295209,-0.2575493539260567,-0.0585279065520196,-0.4349034111170323,-0.1098892891813315,-0.0817863313931983,-0.1286197619184162,-0.0948600784813901,-0.4587285357653331,-0.1376512549750774,-0.466440216124088,-0.4420572865732243,1
-0.5284687397378239,-0.0860010771949196,-0.0667712577451769,-0.0342123630689477,-0.048288171356838,-0.2456698540395862,-0.1693819587286296,-0.2364051085897547,-0.2551040974969863,-0.5575562727562886,-0.2894225317509187,-0.5916634449439249,-0.5282229559332479,0.0,0.0,-0.383683056228503,-0.4893777324065602,-0.4869173651470746,-0.0549620803166284,-0.5206681605243519,-0.3924876504707552,-0.4683992110617034,-0.4828850945963775,-0.0946705924851398,-0.3262638650809851,-0.2164044044493636,-0.2561962325748274,-0.276214645568117,-0.0879368399186694,-0.2002238891750264,0.0,-0.004201050309851,0.0,-0.1117793011235614,-0.0927094565837939,-0.1521176973486845,0.5325982761341648,-0.3398023374913729,-0.5673684319832873,-0.6198172560056342,-0.568381880238974,-0.4311310348298057,-0.2502766067129723,-0.2002238891750264,-0.0118830987139342,1.2254728920670044,-0.7588651797934491,-0.2810490532092469,-0.004201050309851,-0.0118830987139342,0.5859684647458122,-0.62006669677091,-0.2364051085897547,-0.5916634449439345,-0.1117793011235614,0.0,0.0,0.0,0.0,0.0,0.0,-0.0860010771949196,-0.0342123630689477,-0.0667712577451769,-0.0483351748768585,-0.5242893639295209,-0.2575493539260567,-0.0585279065520196,-0.4349034111170323,-0.1098892891813315,-0.0817863313931983,-0.1286197619184162,-0.0948600784813901,-0.4587285357653331,-0.1376512549750774,-0.466440216124088,-0.4420572865732243,1
-0.5284684674346429,-0.0860010771949196,-0.0667712577451769,-0.034306030756703,-0.048288171356838,-0.2486590949708654,-0.2111739867175207,-0.2478936127582887,-0.2551040974969863,-0.5575562727562886,-0.2894225317509187,-0.5916634449439249,-0.5282229559332479,0.0,0.0,-0.383680973861342,-0.4893777324065602,-0.4869170610113257,-0.0549590597897191,-0.5206681605243519,-0.3924876504707552,-0.4683992110617034,-0.4828850945963775,-0.0946705924851398,-0.3262638650809851,-0.2164044044493636,-0.2561962325748274,-0.276214645568117,-0.0879368399186694,-0.2002238891750264,0.0,-0.004201050309851,0.0,-0.0986358496183803,-0.0927094565837939,-0.1774838060475324,0.3644532323924628,-0.4410602834353505,-0.5673684319832873,-0.6230877550978614,-0.5670749396477422,-0.4311282578296589,-0.2502766067129723,-0.2002238891750264,-0.0118830987139342,1.2254728920670044,-0.7588651797934491,-0.2810490532092469,-0.004201050309851,-0.0118830987139342,0.5859684647458122,-0.6245369223940151,-0.2478936127582887,-0.5916634449439345,-0.0986358496183803,0.0,0.0,0.0,0.0,0.0,0.0,-0.0860010771949196,-0.034306030756703,-0.0667712577451769,-0.0483351748768585,1.5814447197930164,-0.2575493539260567,-0.0585279065520196,1.919133862220967,-0.1098892891813315,-0.0817863313931983,-0.1286197619184162,-0.0948600784813901,-0.4587285357653331,-0.1376512549750774,-0.466440216124088,-0.4420572865732243,1
-0.5284684674346429,-0.0860010771949196,-0.0667712577451769,-0.034306030756703,-0.048288171356838,-0.2486590949708654,-0.2111739867175207,-0.2478936127582887,-0.2551040974969863,-0.5575562727562886,-0.2894225317509187,-0.5916634449439249,-0.5282229559332479,0.0,0.0,-0.383680973861342,-0.4893777324065602,-0.4869170610113257,-0.0549590597897191,-0.5206681605243519,-0.3924876504707552,-0.4683992110617034,-0.4828850945963775,-0.0946705924851398,-0.3262638650809851,-0.2164044044493636,-0.2561962325748274,-0.276214645568117,-0.0879368399186694,-0.2002238891750264,0.0,-0.004201050309851,0.0,-0.0986358496183803,-0.0927094565837939,-0.1774838060475324,0.3644532323924628,-0.4410602834353505,-0.5673684319832873,-0.6230877550978614,-0.5670749396477422,-0.4311282578296589,-0.2502766067129723,-0.2002238891750264,-0.0118830987139342,1.2254728920670044,-0.7588651797934491,-0.2810490532092469,-0.004201050309851,-0.0118830987139342,0.5859684647458122,-0.6245369223940151,-0.2478936127582887,-0.5916634449439345,-0.0986358496183803,0.0,0.0,0.0,0.0,0.0,0.0,-0.0860010771949196,-0.034306030756703,-0.0667712577451769,-0.0483351748768585,1.5814447197930164,-0.2575493539260567,-0.0585279065520196,1.919133862220967,-0.1098892891813315,-0.0817863313931983,-0.1286197619184162,-0.0948600784813901,-0.4587285357653331,-0.1376512549750774,-0.466440216124088,-0.4420572865732243,1
-0.5284684674346429,-0.0860010771949196,-0.0667712577451769,-0.034306030756703,-0.048288171356838,-0.2486590949708654,-0.2111739867175207,-0.2478936127582887,-0.2551040974969863,-0.5575562727562886,-0.2894225317509187,-0.5916634449439249,-0.5282229559332479,0.0,0.0,-0.383680973861342,-0.4893777324065602,-0.4869170610113257,-0.0549590597897191,-0.5206681605243519,-0.3924876504707552,-0.4683992110617034,-0.4828850945963775,-0.0946705924851398,-0.3262638650809851,-0.2164044044493636,-0.2561962325748274,-0.276214645568117,-0.0879368399186694,-0.2002238891750264,0.0,-0.004201050309851,0.0,-0.0986358496183803,-0.0927094565837939,-0.1774838060475324,0.3644532323924628,-0.4410602834353505,-0.5673684319832873,-0.6230877550978614,-0.5670749396477422,-0.4311282578296589,-0.2502766067129723,-0.2002238891750264,-0.0118830987139342,1.2254728920670044,-0.7588651797934491,-0.2810490532092469,-0.004201050309851,-0.0118830987139342,0.5859684647458122,-0.6245369223940151,-0.2478936127582887,-0.5916634449439345,-0.0986358496183803,0.0,0.0,0.0,0.0,0.0,0.0,-0.0860010771949196,-0.034306030756703,-0.0667712577451769,-0.0483351748768585,1.5814447197930164,-0.2575493539260567,-0.0585279065520196,1.919133862220967,-0.1098892891813315,-0.0817863313931983,-0.1286197619184162,-0.0948600784813901,-0.4587285357653331,-0.1376512549750774,-0.466440216124088,-0.4420572865732243,1
-0.5284677866766901,-0.0860010771949196,-0.0667712577451769,-0.034306030756703,-0.048288171356838,-0.2486590949708654,-0.2111739867175207,-0.2478936127582887,-0.2551040974969863,-0.5575562727562886,-0.2894225317509187,-0.5916634449439249,-0.5282229559332479,0.0,0.0,-0.3836757679434395,-0.4893777324065602,-0.4869163006719536,-0.0549515084724458,-0.5206681605243519,-0.3924876504707552,-0.4683992110617034,-0.4828850945963775,-0.0946705924851398,-0.3262638650809851,-0.2164044044493636,-0.2561962325748274,-0.276214645568117,-0.0879368399186694,-0.2002238891750264,0.0,-0.004201050309851,0.0,-0.0986358496183803,-0.0927094565837939,-0.2087319109823519,0.1573180334744996,-0.4410602834353505,-0.5673684319832873,-0.6230877550978614,-0.5670749396477422,-0.4311282578296589,-0.2502766067129723,-0.2002238891750264,-0.0118830987139342,1.2254728920670044,-0.7588651797934491,-0.2810490532092469,-0.004201050309851,-0.0118830987139342,0.5859684647458122,-0.6245369223940151,-0.2478936127582887,-0.5916634449439345,-0.0986358496183803,0.0,0.0,0.0,0.0,0.0,0.0,-0.0860010771949196,-0.034306030756703,-0.0667712577451769,-0.0483351748768585,1.5814447197930164,-0.2575493539260567,-0.0585279065520196,1.919133862220967,-0.1098892891813315,-0.0817863313931983,-0.1286197619184162,-0.0948600784813901,-0.4587285357653331,-0.1376512549750774,-0.466440216124088,-0.4420572865732243,1
-0.528469257113868,-0.0860010771949196,-0.0667712577451769,-0.0342123630689477,-0.048288171356838,-0.2456698540395862,-0.1693819587286296,-0.2364051085897547,-0.2551040974969863,-0.5575562727562886,-0.2894225317509187,-0.5916634449439249,-0.5282229559332479,0.0,0.0,-0.3836870127261089,-0.4893777324065602,-0.4869179430049974,-0.0549678193177562,-0.5206681605243519,-0.3924876504707552,-0.4683992110617034,-0.4828850945963775,-0.0946705924851398,-0.3262638650809851,-0.2164044044493636,-0.2561962325748274,-0.276214645568117,-0.0879368399186694,-0.2002238891750264,0.0,-0.004201050309851,0.0,-0.1117793011235614,-0.0927094565837939,-0.010743918232821,1.469726653039931,-0.3398023374913729,-0.5673684319832873,-0.6198172560056342,-0.568381880238974,-0.4311310348298057,-0.2502766067129723,-0.2002238891750264,-0.0118830987139342,1.2254728920670044,-0.7588651797934491,-0.2810490532092469,-0.004201050309851,-0.0118830987139342,0.5859684647458122,-0.62006669677091,-0.2364051085897547,-0.5916634449439345,-0.1117793011235614,0.0,0.0,0.0,0.0,0.0,0.0,-0.0860010771949196,-0.0342123630689477,-0.0667712577451769,-0.0483351748768585,-0.5242893639295209,-0.2575493539260567,-0.0585279065520196,-0.4349034111170323,-0.1098892891813315,-0.0817863313931983,-0.1286197619184162,-0.0948600784813901,-0.4587285357653331,-0.1376512549750774,-0.466440216124088,-0.4420572865732243,1
-0.5284690937319594,-0.0860010771949196,-0.0667712577451769,-0.034306030756703,-0.048288171356838,-0.2486590949708654,-0.2111739867175207,-0.2478936127582887,-0.2551040974969863,-0.5575562727562886,-0.2894225317509187,-0.5916634449439249,-0.5282229559332479,0.0,0.0,-0.3836857633058123,-0.4893777324065602,-0.486917760523548,-0.0549660070016106,-0.5206681605243519,-0.3924876504707552,-0.4683992110617034,-0.4828850945963775,-0.0946705924851398,-0.3262638650809851,-0.2164044044493636,-0.2561962325748274,-0.276214645568117,-0.0879368399186694,-0.2002238891750264,0.0,-0.004201050309851,0.0,-0.0986358496183803,-0.0927094565837939,-0.0830252489191577,0.9905933474842972,-0.4410602834353505,-0.5673684319832873,-0.6230877550978614,-0.5670749396477422,-0.4311282578296589,-0.2502766067129723,-0.2002238891750264,-0.0118830987139342,1.2254728920670044,-0.7588651797934491,-0.2810490532092469,-0.004201050309851,-0.0118830987139342,0.5859684647458122,-0.6245369223940151,-0.2478936127582887,-0.5916634449439345,-0.0986358496183803,0.0,0.0,0.0,0.0,0.0,0.0,-0.0860010771949196,-0.034306030756703,-0.0667712577451769,-0.0483351748768585,1.5814447197930164,-0.2575493539260567,-0.0585279065520196,1.919133862220967,-0.1098892891813315,-0.0817863313931983,-0.1286197619184162,-0.0948600784813901,-0.4587285357653331,-0.1376512549750774,-0.466440216124088,-0.4420572865732243,1
-0.5284681679011437,-0.0860010771949196,-0.0667712577451769,-0.0342123630689477,-0.048288171356838,-0.2456698540395862,-0.1693819587286296,-0.2364051085897547,-0.2551040974969863,-0.5575562727562886,-0.2894225317509187,-0.5916634449439249,-0.5282229559332479,0.0,0.0,-0.3836786832574649,-0.4893777324065602,-0.486916726462002,-0.0549557372101189,-0.5206681605243519,-0.3924876504707552,-0.4683992110617034,-0.4828850945963775,-0.0946705924851398,-0.3262638650809851,-0.2164044044493636,-0.2561962325748274,-0.276214645568117,-0.0879368399186694,-0.2002238891750264,0.0,-0.004201050309851,0.0,-0.1117793011235614,-0.0927094565837939,-0.1947327599764101,0.2501146025575494,-0.3398023374913729,-0.5673684319832873,-0.6198172560056342,-0.568381880238974,-0.4311310348298057,-0.2502766067129723,-0.2002238891750264,-0.0118830987139342,1.2254728920670044,-0.7588651797934491,-0.2810490532092469,-0.004201050309851,-0.0118830987139342,0.5859684647458122,-0.62006669677091,-0.2364051085897547,-0.5916634449439345,-0.1117793011235614,0.0,0.0,0.0,0.0,0.0,0.0,-0.0860010771949196,-0.0342123630689477,-0.0667712577451769,-0.0483351748768585,-0.5242893639295209,-0.2575493539260567,-0.0585279065520196,-0.4349034111170323,-0.1098892891813315,-0.0817863313931983,-0.1286197619184162,-0.0948600784813901,-0.4587285357653331,-0.1376512549750774,-0.466440216124088,-0.4420572865732243,1
-0.5284688486590964,-0.0860010771949196,-0.0667712577451769,-0.0342123630689477,-0.048288171356838,-0.2456698540395862,-0.1693819587286296,-0.2364051085897547,-0.2551040974969863,-0.5575562727562886,-0.2894225317509187,-0.5916634449439249,-0.5282229559332479,0.0,0.0,-0.3836838891753674,-0.4893777324065602,-0.4869174868013741,-0.0549632885273922,-0.5206681605243519,-0.3924876504707552,-0.4683992110617034,-0.4828850945963775,-0.0946705924851398,-0.3262638650809851,-0.2164044044493636,-0.2561962325748274,-0.276214645568117,-0.0879368399186694,-0.2002238891750264,0.0,-0.004201050309851,0.0,-0.1117793011235614,-0.0927094565837939,-0.1372362469433972,0.631243368254686,-0.3398023374913729,-0.5673684319832873,-0.6198172560056342,-0.568381880238974,-0.4311310348298057,-0.2502766067129723,-0.2002238891750264,-0.0118830987139342,1.2254728920670044,-0.7588651797934491,-0.2810490532092469,-0.004201050309851,-0.0118830987139342,0.5859684647458122,-0.62006669677091,-0.2364051085897547,-0.5916634449439345,-0.1117793011235614,0.0,0.0,0.0,0.0,0.0,0.0,-0.0860010771949196,-0.0342123630689477,-0.0667712577451769,-0.0483351748768585,-0.5242893639295209,-0.2575493539260567,-0.0585279065520196,-0.4349034111170323,-0.1098892891813315,-0.0817863313931983,-0.1286197619184162,-0.0948600784813901,-0.4587285357653331,-0.1376512549750774,-0.466440216124088,-0.4420572865732243,1
-0.5284686852771877,-0.0860010771949196,-0.0667712577451769,-0.0342123630689477,-0.048288171356838,-0.2456698540395862,-0.1693819587286296,-0.2364051085897547,-0.2551040974969863,-0.5575562727562886,-0.2894225317509187,-0.5916634449439249,-0.5282229559332479,0.0,0.0,-0.3836826397550708,-0.4893777324065602,-0.4869173043199248,-0.0549614762112466,-0.5206681605243519,-0.3924876504707552,-0.4683992110617034,-0.4828850945963775,-0.0946705924851398,-0.3262638650809851,-0.2164044044493636,-0.2561962325748274,-0.276214645568117,-0.0879368399186694,-0.2002238891750264,0.0,-0.004201050309851,0.0,-0.1117793011235614,-0.0927094565837939,-0.1583183017031947,0.4914961542915083,-0.3398023374913729,-0.5673684319832873,-0.6198172560056342,-0.568381880238974,-0.4311310348298057,-0.2502766067129723,-0.2002238891750264,-0.0118830987139342,1.2254728920670044,-0.7588651797934491,-0.2810490532092469,-0.004201050309851,-0.0118830987139342,0.5859684647458122,-0.62006669677091,-0.2364051085897547,-0.5916634449439345,-0.1117793011235614,0.0,0.0,0.0,0.0,0.0,0.0,-0.0860010771949196,-0.0342123630689477,-0.0667712577451769,-0.0483351748768585,-0.5242893639295209,-0.2575493539260567,-0.0585279065520196,-0.4349034111170323,-0.1098892891813315,-0.0817863313931983,-0.1286197619184162,-0.0948600784813901,-0.4587285357653331,-0.1376512549750774,-0.466440216124088,-0.4420572865732243,1
-0.5284676232947815,-0.0860010771949196,-0.0667712577451769,-0.034306030756703,-0.048288171356838,-0.2486590949708654,-0.2111739867175207,-0.2478936127582887,-0.2551040974969863,-0.5575562727562886,-0.2894225317509187,-0.5916634449439249,-0.5282229559332479,0.0,0.0,-0.3836745185231429,-0.4893777324065602,-0.4869161181905043,-0.0549496961563002,-0.5206681605243519,-0.3924876504707552,-0.4683992110617034,-0.4828850945963775,-0.0946705924851398,-0.3262638650809851,-0.2164044044493636,-0.2561962325748274,-0.276214645568117,-0.0879368399186694,-0.2002238891750264,0.0,-0.004201050309851,0.0,-0.0986358496183803,-0.0927094565837939,-0.2131316441545638,0.1281533974841567,-0.4410602834353505,-0.5673684319832873,-0.6230877550978614,-0.5670749396477422,-0.4311282578296589,-0.2502766067129723,-0.2002238891750264,-0.0118830987139342,1.2254728920670044,-0.7588651797934491,-0.2810490532092469,-0.004201050309851,-0.0118830987139342,0.5859684647458122,-0.6245369223940151,-0.2478936127582887,-0.5916634449439345,-0.0986358496183803,0.0,0.0,0.0,0.0,0.0,0.0,-0.0860010771949196,-0.034306030756703,-0.0667712577451769,-0.0483351748768585,1.5814447197930164,-0.2575493539260567,-0.0585279065520196,1.919133862220967,-0.1098892891813315,-0.0817863313931983,-0.1286197619184162,-0.0948600784813901,-0.4587285357653331,-0.1376512549750774,-0.466440216124088,-0.4420572865732243,1
-0.5284684946649609,-0.0860010771949196,-0.0667712577451769,-0.0342123630689477,-0.048288171356838,-0.2456698540395862,-0.1693819587286296,-0.2364051085897547,-0.2551040974969863,-0.5575562727562886,-0.2894225317509187,-0.5916634449439249,-0.5282229559332479,0.0,0.0,-0.3836811820980581,-0.4893777324065602,-0.4869170914249006,-0.05495936184241,-0.5206681605243519,-0.3924876504707552,-0.4683992110617034,-0.4828850945963775,-0.0946705924851398,-0.3262638650809851,-0.2164044044493636,-0.2561962325748274,-0.276214645568117,-0.0879368399186694,-0.2002238891750264,0.0,-0.004201050309851,0.0,-0.1117793011235614,-0.0927094565837939,-0.1754781137558136,0.3777484217385038,-0.3398023374913729,-0.5673684319832873,-0.6198172560056342,-0.568381880238974,-0.4311310348298057,-0.2502766067129723,-0.2002238891750264,-0.0118830987139342,1.2254728920670044,-0.7588651797934491,-0.2810490532092469,-0.004201050309851,-0.0118830987139342,0.5859684647458122,-0.62006669677091,-0.2364051085897547,-0.5916634449439345,-0.1117793011235614,0.0,0.0,0.0,0.0,0.0,0.0,-0.0860010771949196,-0.0342123630689477,-0.0667712577451769,-0.0483351748768585,-0.5242893639295209,-0.2575493539260567,-0.0585279065520196,-0.4349034111170323,-0.1098892891813315,-0.0817863313931983,-0.1286197619184162,-0.0948600784813901,-0.4587285357653331,-0.1376512549750774,-0.466440216124088,-0.4420572865732243,1
-0.5284684946649609,-0.0860010771949196,-0.0667712577451769,-0.0342123630689477,-0.048288171356838,-0.2456698540395862,-0.1693819587286296,-0.2364051085897547,-0.2551040974969863,-0.5575562727562886,-0.2894225317509187,-0.5916634449439249,-0.5282229559332479,0.0,0.0,-0.3836811820980581,-0.4893777324065602,-0.4869170914249006,-0.05495936184241,-0.5206681605243519,-0.3924876504707552,-0.4683992110617034,-0.4828850945963775,-0.0946705924851398,-0.3262638650809851,-0.2164044044493636,-0.2561962325748274,-0.276214645568117,-0.0879368399186694,-0.2002238891750264,0.0,-0.004201050309851,0.0,-0.1117793011235614,-0.0927094565837939,-0.1754781137558136,0.3777484217385038,-0.3398023374913729,-0.5673684319832873,-0.6198172560056342,-0.568381880238974,-0.4311310348298057,-0.2502766067129723,-0.2002238891750264,-0.0118830987139342,1.2254728920670044,-0.7588651797934491,-0.2810490532092469,-0.004201050309851,-0.0118830987139342,0.5859684647458122,-0.62006669677091,-0.2364051085897547,-0.5916634449439345,-0.1117793011235614,0.0,0.0,0.0,0.0,0.0,0.0,-0.0860010771949196,-0.0342123630689477,-0.0667712577451769,-0.0483351748768585,-0.5242893639295209,-0.2575493539260567,-0.0585279065520196,-0.4349034111170323,-0.1098892891813315,-0.0817863313931983,-0.1286197619184162,-0.0948600784813901,-0.4587285357653331,-0.1376512549750774,-0.466440216124088,-0.4420572865732243,1
-0.5284684946649609,-0.0860010771949196,-0.0667712577451769,-0.0342123630689477,-0.048288171356838,-0.2456698540395862,-0.1693819587286296,-0.2364051085897547,-0.2551040974969863,-0.5575562727562886,-0.2894225317509187,-0.5916634449439249,-0.5282229559332479,0.0,0.0,-0.3836811820980581,-0.4893777324065602,-0.4869170914249006,-0.05495936184241,-0.5206681605243519,-0.3924876504707552,-0.4683992110617034,-0.4828850945963775,-0.0946705924851398,-0.3262638650809851,-0.2164044044493636,-0.2561962325748274,-0.276214645568117,-0.0879368399186694,-0.2002238891750264,0.0,-0.004201050309851,0.0,-0.1117793011235614,-0.0927094565837939,-0.1754781137558136,0.3777484217385038,-0.3398023374913729,-0.5673684319832873,-0.6198172560056342,-0.568381880238974,-0.4311310348298057,-0.2502766067129723,-0.2002238891750264,-0.0118830987139342,1.2254728920670044,-0.7588651797934491,-0.2810490532092469,-0.004201050309851,-0.0118830987139342,0.5859684647458122,-0.62006669677091,-0.2364051085897547,-0.5916634449439345,-0.1117793011235614,0.0,0.0,0.0,0.0,0.0,0.0,-0.0860010771949196,-0.0342123630689477,-0.0667712577451769,-0.0483351748768585,-0.5242893639295209,-0.2575493539260567,-0.0585279065520196,-0.4349034111170323,-0.1098892891813315,-0.0817863313931983,-0.1286197619184162,-0.0948600784813901,-0.4587285357653331,-0.1376512549750774,-0.466440216124088,-0.4420572865732243,1
-0.5284681679011437,-0.0860010771949196,-0.0667712577451769,-0.034306030756703,-0.048288171356838,-0.2486590949708654,-0.2111739867175207,-0.2478936127582887,-0.2551040974969863,-0.5575562727562886,-0.2894225317509187,-0.5916634449439249,-0.5282229559332479,0.0,0.0,-0.3836786832574649,-0.4893777324065602,-0.486916726462002,-0.0549557372101189,-0.5206681605243519,-0.3924876504707552,-0.4683992110617034,-0.4828850945963775,-0.0946705924851398,-0.3262638650809851,-0.2164044044493636,-0.2561962325748274,-0.276214645568117,-0.0879368399186694,-0.2002238891750264,0.0,-0.004201050309851,0.0,-0.0986358496183803,-0.0927094565837939,-0.1947327599764101,0.2501146025575494,-0.4410602834353505,-0.5673684319832873,-0.6230877550978614,-0.5670749396477422,-0.4311282578296589,-0.2502766067129723,-0.2002238891750264,-0.0118830987139342,1.2254728920670044,-0.7588651797934491,-0.2810490532092469,-0.004201050309851,-0.0118830987139342,0.5859684647458122,-0.6245369223940151,-0.2478936127582887,-0.5916634449439345,-0.0986358496183803,0.0,0.0,0.0,0.0,0.0,0.0,-0.0860010771949196,-0.034306030756703,-0.0667712577451769,-0.0483351748768585,1.5814447197930164,-0.2575493539260567,-0.0585279065520196,1.919133862220967,-0.1098892891813315,-0.0817863313931983,-0.1286197619184162,-0.0948600784813901,-0.4587285357653331,-0.1376512549750774,-0.466440216124088,-0.4420572865732243,1
-0.5284688214287783,-0.0860010771949196,-0.0667712577451769,-0.034306030756703,-0.048288171356838,-0.2486590949708654,-0.2111739867175207,-0.2478936127582887,-0.2551040974969863,-0.5575562727562886,-0.2894225317509187,-0.5916634449439249,-0.5282229559332479,0.0,0.0,-0.3836836809386513,-0.4893777324065602,-0.4869174563877992,-0.0549629864747012,-0.5206681605243519,-0.3924876504707552,-0.4683992110617034,-0.4828850945963775,-0.0946705924851398,-0.3262638650809851,-0.2164044044493636,-0.2561962325748274,-0.276214645568117,-0.0879368399186694,-0.2002238891750264,0.0,-0.004201050309851,0.0,-0.0986358496183803,-0.0927094565837939,-0.1413166446155836,0.6041955205450178,-0.4410602834353505,-0.5673684319832873,-0.6230877550978614,-0.5670749396477422,-0.4311282578296589,-0.2502766067129723,-0.2002238891750264,-0.0118830987139342,1.2254728920670044,-0.7588651797934491,-0.2810490532092469,-0.004201050309851,-0.0118830987139342,0.5859684647458122,-0.6245369223940151,-0.2478936127582887,-0.5916634449439345,-0.0986358496183803,0.0,0.0,0.0,0.0,0.0,0.0,-0.0860010771949196,-0.034306030756703,-0.0667712577451769,-0.0483351748768585,1.5814447197930164,-0.2575493539260567,-0.0585279065520196,1.919133862220967,-0.1098892891813315,-0.0817863313931983,-0.1286197619184162,-0.0948600784813901,-0.4587285357653331,-0.1376512549750774,-0.466440216124088,-0.4420572865732243,1
-0.5284686035862334,-0.0860010771949196,-0.0667712577451769,-0.034306030756703,-0.048288171356838,-0.2486590949708654,-0.2111739867175207,-0.2478936127582887,-0.2551040974969863,-0.5575562727562886,-0.2894225317509187,-0.5916634449439249,-0.5282229559332479,0.0,0.0,-0.3836820150449225,-0.4893777324065602,-0.4869172130792001,-0.0549605700531738,-0.5206681605243519,-0.3924876504707552,-0.4683992110617034,-0.4828850945963775,-0.0946705924851398,-0.3262638650809851,-0.2164044044493636,-0.2561962325748274,-0.276214645568117,-0.0879368399186694,-0.2002238891750264,0.0,-0.004201050309851,0.0,-0.0986358496183803,-0.0927094565837939,-0.1664267843235502,0.4377472257086851,-0.4410602834353505,-0.5673684319832873,-0.6230877550978614,-0.5670749396477422,-0.4311282578296589,-0.2502766067129723,-0.2002238891750264,-0.0118830987139342,1.2254728920670044,-0.7588651797934491,-0.2810490532092469,-0.004201050309851,-0.0118830987139342,0.5859684647458122,-0.6245369223940151,-0.2478936127582887,-0.5916634449439345,-0.0986358496183803,0.0,0.0,0.0,0.0,0.0,0.0,-0.0860010771949196,-0.034306030756703,-0.0667712577451769,-0.0483351748768585,1.5814447197930164,-0.2575493539260567,-0.0585279065520196,1.919133862220967,-0.1098892891813315,-0.0817863313931983,-0.1286197619184162,-0.0948600784813901,-0.4587285357653331,-0.1376512549750774,-0.466440216124088,-0.4420572865732243,1
-0.5284676505250996,-0.0860010771949196,-0.0667712577451769,-0.0342123630689477,-0.048288171356838,-0.2456698540395862,-0.1693819587286296,-0.2364051085897547,-0.2551040974969863,-0.5575562727562886,-0.2894225317509187,-0.5916634449439249,-0.5282229559332479,0.0,0.0,-0.383674726759859,-0.4893777324065602,-0.4869161486040792,-0.0549499982089911,-0.5206681605243519,-0.3924876504707552,-0.4683992110617034,-0.4828850945963775,-0.0946705924851398,-0.3262638650809851,-0.2164044044493636,-0.2561962325748274,-0.276214645568117,-0.0879368399186694,-0.2002238891750264,0.0,-0.004201050309851,0.0,-0.1117793011235614,-0.0927094565837939,-0.2124479018380298,0.1326857395586382,-0.3398023374913729,-0.5673684319832873,-0.6198172560056342,-0.568381880238974,-0.4311310348298057,-0.2502766067129723,-0.2002238891750264,-0.0118830987139342,1.2254728920670044,-0.7588651797934491,-0.2810490532092469,-0.004201050309851,-0.0118830987139342,0.5859684647458122,-0.62006669677091,-0.2364051085897547,-0.5916634449439345,-0.1117793011235614,0.0,0.0,0.0,0.0,0.0,0.0,-0.0860010771949196,-0.0342123630689477,-0.0667712577451769,-0.0483351748768585,-0.5242893639295209,-0.2575493539260567,-0.0585279065520196,-0.4349034111170323,-0.1098892891813315,-0.0817863313931983,-0.1286197619184162,-0.0948600784813901,-0.4587285357653331,-0.1376512549750774,-0.466440216124088,-0.4420572865732243,1
-0.5284678955979626,-0.0860010771949196,-0.0667712577451769,-0.0342123630689477,-0.048288171356838,-0.2456698540395862,-0.1693819587286296,-0.2364051085897547,-0.2551040974969863,-0.5575562727562886,-0.2894225317509187,-0.5916634449439249,-0.5282229559332479,0.0,0.0,-0.3836766008903039,-0.4893777324065602,-0.4869164223262532,-0.0549527166832095,-0.5206681605243519,-0.3924876504707552,-0.4683992110617034,-0.4828850945963775,-0.0946705924851398,-0.3262638650809851,-0.2164044044493636,-0.2561962325748274,-0.276214645568117,-0.0879368399186694,-0.2002238891750264,0.0,-0.004201050309851,0.0,-0.1117793011235614,-0.0927094565837939,-0.2053475008557194,0.1797523688129873,-0.3398023374913729,-0.5673684319832873,-0.6198172560056342,-0.568381880238974,-0.4311310348298057,-0.2502766067129723,-0.2002238891750264,-0.0118830987139342,1.2254728920670044,-0.7588651797934491,-0.2810490532092469,-0.004201050309851,-0.0118830987139342,0.5859684647458122,-0.62006669677091,-0.2364051085897547,-0.5916634449439345,-0.1117793011235614,0.0,0.0,0.0,0.0,0.0,0.0,-0.0860010771949196,-0.0342123630689477,-0.0667712577451769,-0.0483351748768585,-0.5242893639295209,-0.2575493539260567,-0.0585279065520196,-0.4349034111170323,-0.1098892891813315,-0.0817863313931983,-0.1286197619184162,-0.0948600784813901,-0.4587285357653331,-0.1376512549750774,-0.466440216124088,-0.4420572865732243,1
-0.5284685491255972,-0.0860010771949196,-0.0667712577451769,-0.0342123630689477,-0.048288171356838,-0.2456698540395862,-0.1693819587286296,-0.2364051085897547,-0.2551040974969863,-0.5575562727562886,-0.2894225317509187,-0.5916634449439249,-0.5282229559332479,0.0,0.0,-0.3836815985714903,-0.4893777324065602,-0.4869171522520504,-0.0549599659477919,-0.5206681605243519,-0.3924876504707552,-0.4683992110617034,-0.4828850945963775,-0.0946705924851398,-0.3262638650809851,-0.2164044044493636,-0.2561962325748274,-0.276214645568117,-0.0879368399186694,-0.2002238891750264,0.0,-0.004201050309851,0.0,-0.1117793011235614,-0.0927094565837939,-0.1711732131726389,0.4062844382578395,-0.3398023374913729,-0.5673684319832873,-0.6198172560056342,-0.568381880238974,-0.4311310348298057,-0.2502766067129723,-0.2002238891750264,-0.0118830987139342,1.2254728920670044,-0.7588651797934491,-0.2810490532092469,-0.004201050309851,-0.0118830987139342,0.5859684647458122,-0.62006669677091,-0.2364051085897547,-0.5916634449439345,-0.1117793011235614,0.0,0.0,0.0,0.0,0.0,0.0,-0.0860010771949196,-0.0342123630689477,-0.0667712577451769,-0.0483351748768585,-0.5242893639295209,-0.2575493539260567,-0.0585279065520196,-0.4349034111170323,-0.1098892891813315,-0.0817863313931983,-0.1286197619184162,-0.0948600784813901,-0.4587285357653331,-0.1376512549750774,-0.466440216124088,-0.4420572865732243,1
-0.528468521895279,-0.0860010771949196,-0.0667712577451769,-0.0342123630689477,-0.048288171356838,-0.2456698540395862,-0.1693819587286296,-0.2364051085897547,-0.2551040974969863,-0.5575562727562886,-0.2894225317509187,-0.5916634449439249,-0.5282229559332479,0.0,0.0,-0.3836813903347742,-0.4893777324065602,-0.4869171218384755,-0.054959663895101,-0.5206681605243519,-0.3924876504707552,-0.4683992110617034,-0.4828850945963775,-0.0946705924851398,-0.3262638650809851,-0.2164044044493636,-0.2561962325748274,-0.276214645568117,-0.0879368399186694,-0.2002238891750264,0.0,-0.004201050309851,0.0,-0.1117793011235614,-0.0927094565837939,-0.1733769122675917,0.3916767156026415,-0.3398023374913729,-0.5673684319832873,-0.6198172560056342,-0.568381880238974,-0.4311310348298057,-0.2502766067129723,-0.2002238891750264,-0.0118830987139342,1.2254728920670044,-0.7588651797934491,-0.2810490532092469,-0.004201050309851,-0.0118830987139342,0.5859684647458122,-0.62006669677091,-0.2364051085897547,-0.5916634449439345,-0.1117793011235614,0.0,0.0,0.0,0.0,0.0,0.0,-0.0860010771949196,-0.0342123630689477,-0.0667712577451769,-0.0483351748768585,-0.5242893639295209,-0.2575493539260567,-0.0585279065520196,-0.4349034111170323,-0.1098892891813315,-0.0817863313931983,-0.1286197619184162,-0.0948600784813901,-0.4587285357653331,-0.1376512549750774,-0.466440216124088,-0.4420572865732243,1
-0.5284696383383216,-0.0860010771949196,-0.0667712577451769,-0.0342123630689477,-0.048288171356838,-0.2456698540395862,-0.1693819587286296,-0.2364051085897547,-0.2551040974969863,-0.5575562727562886,-0.2894225317509187,-0.5916634449439249,-0.5282229559332479,0.0,0.0,-0.3836899280401343,-0.4893777324065602,-0.4869183687950458,-0.0549720480554292,-0.5206681605243519,-0.3924876504707552,-0.4683992110617034,-0.4828850945963775,-0.0946705924851398,-0.3262638650809851,-0.2164044044493636,-0.2561962325748274,-0.276214645568117,-0.0879368399186694,-0.2002238891750264,0.0,-0.004201050309851,0.0,-0.1117793011235614,-0.0927094565837939,3.531041284942304,24.94725862224744,-0.3398023374913729,-0.5673684319832873,-0.6198172560056342,-0.568381880238974,-0.4311310348298057,-0.2502766067129723,-0.2002238891750264,-0.0118830987139342,1.2254728920670044,-0.7588651797934491,-0.2810490532092469,-0.004201050309851,-0.0118830987139342,0.5859684647458122,-0.62006669677091,-0.2364051085897547,-0.5916634449439345,-0.1117793011235614,0.0,0.0,0.0,0.0,0.0,0.0,-0.0860010771949196,-0.0342123630689477,-0.0667712577451769,-0.0483351748768585,-0.5242893639295209,-0.2575493539260567,-0.0585279065520196,-0.4349034111170323,-0.1098892891813315,-0.0817863313931983,-0.1286197619184162,-0.0948600784813901,-0.4587285357653331,-0.1376512549750774,-0.466440216124088,-0.4420572865732243,1
-0.5284680589798713,-0.0860010771949196,-0.0667712577451769,-0.034306030756703,-0.048288171356838,-0.2486590949708654,-0.2111739867175207,-0.2478936127582887,-0.2551040974969863,-0.5575562727562886,-0.2894225317509187,-0.5916634449439249,-0.5282229559332479,0.0,0.0,-0.3836778503106005,-0.4893777324065602,-0.4869166048077025,-0.0549545289993551,-0.5206681605243519,-0.3924876504707552,-0.4683992110617034,-0.4828850945963775,-0.0946705924851398,-0.3262638650809851,-0.2164044044493636,-0.2561962325748274,-0.276214645568117,-0.0879368399186694,-0.2002238891750264,0.0,-0.004201050309851,0.0,-0.0986358496183803,-0.0927094565837939,-0.1994104423952279,0.2191075165176776,-0.4410602834353505,-0.5673684319832873,-0.6230877550978614,-0.5670749396477422,-0.4311282578296589,-0.2502766067129723,-0.2002238891750264,-0.0118830987139342,1.2254728920670044,-0.7588651797934491,-0.2810490532092469,-0.004201050309851,-0.0118830987139342,0.5859684647458122,-0.6245369223940151,-0.2478936127582887,-0.5916634449439345,-0.0986358496183803,0.0,0.0,0.0,0.0,0.0,0.0,-0.0860010771949196,-0.034306030756703,-0.0667712577451769,-0.0483351748768585,1.5814447197930164,-0.2575493539260567,-0.0585279065520196,1.919133862220967,-0.1098892891813315,-0.0817863313931983,-0.1286197619184162,-0.0948600784813901,-0.4587285357653331,-0.1376512549750774,-0.466440216124088,-0.4420572865732243,1
-0.5284684402043248,-0.0860010771949196,-0.0667712577451769,-0.034306030756703,-0.048288171356838,-0.2486590949708654,-0.2111739867175207,-0.2478936127582887,-0.2551040974969863,-0.5575562727562886,-0.2894225317509187,-0.5916634449439249,-0.5282229559332479,0.0,0.0,-0.3836807656246259,-0.4893777324065602,-0.4869170305977509,-0.0549587577370282,-0.5206681605243519,-0.3924876504707552,-0.4683992110617034,-0.4828850945963775,-0.0946705924851398,-0.3262638650809851,-0.2164044044493636,-0.2561962325748274,-0.276214645568117,-0.0879368399186694,-0.2002238891750264,0.0,-0.004201050309851,0.0,-0.0986358496183803,-0.0927094565837939,-0.17940035650094,0.3517489400767858,-0.4410602834353505,-0.5673684319832873,-0.6230877550978614,-0.5670749396477422,-0.4311282578296589,-0.2502766067129723,-0.2002238891750264,-0.0118830987139342,1.2254728920670044,-0.7588651797934491,-0.2810490532092469,-0.004201050309851,-0.0118830987139342,0.5859684647458122,-0.6245369223940151,-0.2478936127582887,-0.5916634449439345,-0.0986358496183803,0.0,0.0,0.0,0.0,0.0,0.0,-0.0860010771949196,-0.034306030756703,-0.0667712577451769,-0.0483351748768585,1.5814447197930164,-0.2575493539260567,-0.0585279065520196,1.919133862220967,-0.1098892891813315,-0.0817863313931983,-0.1286197619184162,-0.0948600784813901,-0.4587285357653331,-0.1376512549750774,-0.466440216124088,-0.4420572865732243,1
-0.5284684402043248,-0.0860010771949196,-0.0667712577451769,-0.034306030756703,-0.048288171356838,-0.2486590949708654,-0.2111739867175207,-0.2478936127582887,-0.2551040974969863,-0.5575562727562886,-0.2894225317509187,-0.5916634449439249,-0.5282229559332479,0.0,0.0,-0.3836807656246259,-0.4893777324065602,-0.4869170305977509,-0.0549587577370282,-0.5206681605243519,-0.3924876504707552,-0.4683992110617034,-0.4828850945963775,-0.0946705924851398,-0.3262638650809851,-0.2164044044493636,-0.2561962325748274,-0.276214645568117,-0.0879368399186694,-0.2002238891750264,0.0,-0.004201050309851,0.0,-0.0986358496183803,-0.0927094565837939,-0.17940035650094,0.3517489400767858,-0.4410602834353505,-0.5673684319832873,-0.6230877550978614,-0.5670749396477422,-0.4311282578296589,-0.2502766067129723,-0.2002238891750264,-0.0118830987139342,1.2254728920670044,-0.7588651797934491,-0.2810490532092469,-0.004201050309851,-0.0118830987139342,0.5859684647458122,-0.6245369223940151,-0.2478936127582887,-0.5916634449439345,-0.0986358496183803,0.0,0.0,0.0,0.0,0.0,0.0,-0.0860010771949196,-0.034306030756703,-0.0667712577451769,-0.0483351748768585,1.5814447197930164,-0.2575493539260567,-0.0585279065520196,1.919133862220967,-0.1098892891813315,-0.0817863313931983,-0.1286197619184162,-0.0948600784813901,-0.4587285357653331,-0.1376512549750774,-0.466440216124088,-0.4420572865732243,1
-0.5284681951314618,-0.0860010771949196,-0.0667712577451769,-0.0342123630689477,-0.048288171356838,-0.2456698540395862,-0.1693819587286296,-0.2364051085897547,-0.2551040974969863,-0.5575562727562886,-0.2894225317509187,-0.5916634449439249,-0.5282229559332479,0.0,0.0,-0.383678891494181,-0.4893777324065602,-0.4869167568755769,-0.0549560392628098,-0.5206681605243519,-0.3924876504707552,-0.4683992110617034,-0.4828850945963775,-0.0946705924851398,-0.3262638650809851,-0.2164044044493636,-0.2561962325748274,-0.276214645568117,-0.0879368399186694,-0.2002238891750264,0.0,-0.004201050309851,0.0,-0.1117793011235614,-0.0927094565837939,-0.1934550596741384,0.2585841307680008,-0.3398023374913729,-0.5673684319832873,-0.6198172560056342,-0.568381880238974,-0.4311310348298057,-0.2502766067129723,-0.2002238891750264,-0.0118830987139342,1.2254728920670044,-0.7588651797934491,-0.2810490532092469,-0.004201050309851,-0.0118830987139342,0.5859684647458122,-0.62006669677091,-0.2364051085897547,-0.5916634449439345,-0.1117793011235614,0.0,0.0,0.0,0.0,0.0,0.0,-0.0860010771949196,-0.0342123630689477,-0.0667712577451769,-0.0483351748768585,-0.5242893639295209,-0.2575493539260567,-0.0585279065520196,-0.4349034111170323,-0.1098892891813315,-0.0817863313931983,-0.1286197619184162,-0.0948600784813901,-0.4587285357653331,-0.1376512549750774,-0.466440216124088,-0.4420572865732243,1
-0.5284672693006461,-0.0860010771949196,-0.0667712577451769,-0.0342123630689477,-0.048288171356838,-0.2456698540395862,-0.1693819587286296,-0.2364051085897547,-0.2551040974969863,-0.5575562727562886,-0.2894225317509187,-0.5916634449439249,-0.5282229559332479,0.0,0.0,-0.3836718114458336,-0.4893777324065602,-0.4869157228140308,-0.0549457694713181,-0.5206681605243519,-0.3924876504707552,-0.4683992110617034,-0.4828850945963775,-0.0946705924851398,-0.3262638650809851,-0.2164044044493636,-0.2561962325748274,-0.276214645568117,-0.0879368399186694,-0.2002238891750264,0.0,-0.004201050309851,0.0,-0.1117793011235614,-0.0927094565837939,-0.2206061908507528,0.0786066579309518,-0.3398023374913729,-0.5673684319832873,-0.6198172560056342,-0.568381880238974,-0.4311310348298057,-0.2502766067129723,-0.2002238891750264,-0.0118830987139342,1.2254728920670044,-0.7588651797934491,-0.2810490532092469,-0.004201050309851,-0.0118830987139342,0.5859684647458122,-0.62006669677091,-0.2364051085897547,-0.5916634449439345,-0.1117793011235614,0.0,0.0,0.0,0.0,0.0,0.0,-0.0860010771949196,-0.0342123630689477,-0.0667712577451769,-0.0483351748768585,-0.5242893639295209,-0.2575493539260567,-0.0585279065520196,-0.4349034111170323,-0.1098892891813315,-0.0817863313931983,-0.1286197619184162,-0.0948600784813901,-0.4587285357653331,-0.1376512549750774,-0.466440216124088,-0.4420572865732243,1
-0.5284676777554177,-0.0860010771949196,-0.0667712577451769,-0.0342123630689477,-0.048288171356838,-0.2456698540395862,-0.1693819587286296,-0.2364051085897547,-0.2551040974969863,-0.5575562727562886,-0.2894225317509187,-0.5916634449439249,-0.5282229559332479,0.0,0.0,-0.3836749349965751,-0.4893777324065602,-0.4869161790176541,-0.0549503002616821,-0.5206681605243519,-0.3924876504707552,-0.4683992110617034,-0.4828850945963775,-0.0946705924851398,-0.3262638650809851,-0.2164044044493636,-0.2561962325748274,-0.276214645568117,-0.0879368399186694,-0.2002238891750264,0.0,-0.004201050309851,0.0,-0.1117793011235614,-0.0927094565837939,-0.2117454268298176,0.1373422555574301,-0.3398023374913729,-0.5673684319832873,-0.6198172560056342,-0.568381880238974,-0.4311310348298057,-0.2502766067129723,-0.2002238891750264,-0.0118830987139342,1.2254728920670044,-0.7588651797934491,-0.2810490532092469,-0.004201050309851,-0.0118830987139342,0.5859684647458122,-0.62006669677091,-0.2364051085897547,-0.5916634449439345,-0.1117793011235614,0.0,0.0,0.0,0.0,0.0,0.0,-0.0860010771949196,-0.0342123630689477,-0.0667712577451769,-0.0483351748768585,-0.5242893639295209,-0.2575493539260567,-0.0585279065520196,-0.4349034111170323,-0.1098892891813315,-0.0817863313931983,-0.1286197619184162,-0.0948600784813901,-0.4587285357653331,-0.1376512549750774,-0.466440216124088,-0.4420572865732243,1
-0.5284684402043248,-0.0860010771949196,-0.0667712577451769,-0.0342123630689477,-0.048288171356838,-0.2456698540395862,-0.1693819587286296,-0.2364051085897547,-0.2551040974969863,-0.5575562727562886,-0.2894225317509187,-0.5916634449439249,-0.5282229559332479,0.0,0.0,-0.3836807656246259,-0.4893777324065602,-0.4869170305977509,-0.0549587577370282,-0.5206681605243519,-0.3924876504707552,-0.4683992110617034,-0.4828850945963775,-0.0946705924851398,-0.3262638650809851,-0.2164044044493636,-0.2561962325748274,-0.276214645568117,-0.0879368399186694,-0.2002238891750264,0.0,-0.004201050309851,0.0,-0.1117793011235614,-0.0927094565837939,-0.17940035650094,0.3517489400767858,-0.3398023374913729,-0.5673684319832873,-0.6198172560056342,-0.568381880238974,-0.4311310348298057,-0.2502766067129723,-0.2002238891750264,-0.0118830987139342,1.2254728920670044,-0.7588651797934491,-0.2810490532092469,-0.004201050309851,-0.0118830987139342,0.5859684647458122,-0.62006669677091,-0.2364051085897547,-0.5916634449439345,-0.1117793011235614,0.0,0.0,0.0,0.0,0.0,0.0,-0.0860010771949196,-0.0342123630689477,-0.0667712577451769,-0.0483351748768585,-0.5242893639295209,-0.2575493539260567,-0.0585279065520196,-0.4349034111170323,-0.1098892891813315,-0.0817863313931983,-0.1286197619184162,-0.0948600784813901,-0.4587285357653331,-0.1376512549750774,-0.466440216124088,-0.4420572865732243,1
-0.5284682768224161,-0.0860010771949196,-0.0667712577451769,-0.0342123630689477,-0.048288171356838,-0.2456698540395862,-0.1693819587286296,-0.2364051085897547,-0.2551040974969863,-0.5575562727562886,-0.2894225317509187,-0.5916634449439249,-0.5282229559332479,0.0,0.0,-0.3836795162043293,-0.4893777324065602,-0.4869168481163015,-0.0549569454208826,-0.5206681605243519,-0.3924876504707552,-0.4683992110617034,-0.4828850945963775,-0.0946705924851398,-0.3262638650809851,-0.2164044044493636,-0.2561962325748274,-0.276214645568117,-0.0879368399186694,-0.2002238891750264,0.0,-0.004201050309851,0.0,-0.1117793011235614,-0.0927094565837939,-0.1893213234377982,0.2859855453297717,-0.3398023374913729,-0.5673684319832873,-0.6198172560056342,-0.568381880238974,-0.4311310348298057,-0.2502766067129723,-0.2002238891750264,-0.0118830987139342,1.2254728920670044,-0.7588651797934491,-0.2810490532092469,-0.004201050309851,-0.0118830987139342,0.5859684647458122,-0.62006669677091,-0.2364051085897547,-0.5916634449439345,-0.1117793011235614,0.0,0.0,0.0,0.0,0.0,0.0,-0.0860010771949196,-0.0342123630689477,-0.0667712577451769,-0.0483351748768585,-0.5242893639295209,-0.2575493539260567,-0.0585279065520196,-0.4349034111170323,-0.1098892891813315,-0.0817863313931983,-0.1286197619184162,-0.0948600784813901,-0.4587285357653331,-0.1376512549750774,-0.466440216124088,-0.4420572865732243,1
-0.5284683585133705,-0.0860010771949196,-0.0667712577451769,-0.0342123630689477,-0.048288171356838,-0.2456698540395862,-0.1693819587286296,-0.2364051085897547,-0.2551040974969863,-0.5575562727562886,-0.2894225317509187,-0.5916634449439249,-0.5282229559332479,0.0,0.0,-0.3836801409144776,-0.4893777324065602,-0.4869169393570262,-0.0549578515789554,-0.5206681605243519,-0.3924876504707552,-0.4683992110617034,-0.4828850945963775,-0.0946705924851398,-0.3262638650809851,-0.2164044044493636,-0.2561962325748274,-0.276214645568117,-0.0879368399186694,-0.2002238891750264,0.0,-0.004201050309851,0.0,-0.1117793011235614,-0.0927094565837939,-0.1846708702003763,0.3168121365231052,-0.3398023374913729,-0.5673684319832873,-0.6198172560056342,-0.568381880238974,-0.4311310348298057,-0.2502766067129723,-0.2002238891750264,-0.0118830987139342,1.2254728920670044,-0.7588651797934491,-0.2810490532092469,-0.004201050309851,-0.0118830987139342,0.5859684647458122,-0.62006669677091,-0.2364051085897547,-0.5916634449439345,-0.1117793011235614,0.0,0.0,0.0,0.0,0.0,0.0,-0.0860010771949196,-0.0342123630689477,-0.0667712577451769,-0.0483351748768585,-0.5242893639295209,-0.2575493539260567,-0.0585279065520196,-0.4349034111170323,-0.1098892891813315,-0.0817863313931983,-0.1286197619184162,-0.0948600784813901,-0.4587285357653331,-0.1376512549750774,-0.466440216124088,-0.4420572865732243,1
-0.5284673237612822,-0.0860010771949196,-0.0667712577451769,-0.0342123630689477,-0.048288171356838,-0.2456698540395862,-0.1693819587286296,-0.2364051085897547,-0.2551040974969863,-0.5575562727562886,-0.2894225317509187,-0.5916634449439249,-0.5282229559332479,0.0,0.0,-0.3836722279192658,-0.4893777324065602,-0.4869157836411806,-0.0549463735766999,-0.5206681605243519,-0.3924876504707552,-0.4683992110617034,-0.4828850945963775,-0.0946705924851398,-0.3262638650809851,-0.2164044044493636,-0.2561962325748274,-0.276214645568117,-0.0879368399186694,-0.2002238891750264,0.0,-0.004201050309851,0.0,-0.1117793011235614,-0.0927094565837939,-0.2196033446669457,0.0852542528555172,-0.3398023374913729,-0.5673684319832873,-0.6198172560056342,-0.568381880238974,-0.4311310348298057,-0.2502766067129723,-0.2002238891750264,-0.0118830987139342,1.2254728920670044,-0.7588651797934491,-0.2810490532092469,-0.004201050309851,-0.0118830987139342,0.5859684647458122,-0.62006669677091,-0.2364051085897547,-0.5916634449439345,-0.1117793011235614,0.0,0.0,0.0,0.0,0.0,0.0,-0.0860010771949196,-0.0342123630689477,-0.0667712577451769,-0.0483351748768585,-0.5242893639295209,-0.2575493539260567,-0.0585279065520196,-0.4349034111170323,-0.1098892891813315,-0.0817863313931983,-0.1286197619184162,-0.0948600784813901,-0.4587285357653331,-0.1376512549750774,-0.466440216124088,-0.4420572865732243,1
-0.5284679500585988,-0.0860010771949196,-0.0667712577451769,-0.0342123630689477,-0.048288171356838,-0.2456698540395862,-0.1693819587286296,-0.2364051085897547,-0.2551040974969863,-0.5575562727562886,-0.2894225317509187,-0.5916634449439249,-0.5282229559332479,0.0,0.0,-0.3836770173637361,-0.4893777324065602,-0.4869164831534029,-0.0549533207885914,-0.5206681605243519,-0.3924876504707552,-0.4683992110617034,-0.4828850945963775,-0.0946705924851398,-0.3262638650809851,-0.2164044044493636,-0.2561962325748274,-0.276214645568117,-0.0879368399186694,-0.2002238891750264,0.0,-0.004201050309851,0.0,-0.1117793011235614,-0.0927094565837939,-0.2034941333963855,0.1920378382249079,-0.3398023374913729,-0.5673684319832873,-0.6198172560056342,-0.568381880238974,-0.4311310348298057,-0.2502766067129723,-0.2002238891750264,-0.0118830987139342,1.2254728920670044,-0.7588651797934491,-0.2810490532092469,-0.004201050309851,-0.0118830987139342,0.5859684647458122,-0.62006669677091,-0.2364051085897547,-0.5916634449439345,-0.1117793011235614,0.0,0.0,0.0,0.0,0.0,0.0,-0.0860010771949196,-0.0342123630689477,-0.0667712577451769,-0.0483351748768585,-0.5242893639295209,-0.2575493539260567,-0.0585279065520196,-0.4349034111170323,-0.1098892891813315,-0.0817863313931983,-0.1286197619184162,-0.0948600784813901,-0.4587285357653331,-0.1376512549750774,-0.466440216124088,-0.4420572865732243,1
-0.5284513940251886,-0.0508508796565527,-0.0667712577451769,-0.034306030756703,-0.0483430815392661,-0.2486590949708654,-0.2111739867175207,-0.2478936127582887,-0.2551040974969863,-0.5597192861720814,-0.4016996413343637,-0.5987388052655713,-0.5282229559332479,0.0,0.0,-0.3836435606646758,-0.4893561225575948,-0.4869043177234493,-0.0549575495262644,-0.5206498836410526,-0.3924501287413732,-0.468369235420952,-0.4828662089456476,-0.094663487920628,-0.3262638650809851,-0.2164044044493636,-0.2561962325748274,-0.276214645568117,-0.0879368399186694,-0.2002238891750264,0.0,-0.004201050309851,0.0,-0.0460620435976563,-0.0779651116743316,-0.2467623914412921,-0.1697518409538202,-0.4410602834353505,-0.5694973820795924,-0.6279935037374288,-0.5709957614225694,-0.4311332564299229,-0.2502766067129723,-0.2002238891750264,-0.0118830987139342,1.2254728920670044,-0.7588651797934491,-0.2810490532092469,-0.004201050309851,-0.0118830987139342,-1.010797715264887,-0.6312422608286731,-0.2478936127582887,-0.5987388052655809,-0.0460620435976563,0.0,0.0,0.0,0.0,0.0,0.0,-0.0508508796565527,-0.034306030756703,-0.0667712577451769,-0.048390144799259,1.5814447197930164,3.4688163776280323,-0.0585279065520196,0.7421152255519674,-0.1098892891813315,-0.0817863313931983,-0.1286197619184162,-0.0948600784813901,-0.4587285357653331,-0.1376512549750774,-0.466440216124088,-0.4420572865732243,1
-0.5284692298835499,-0.0860010771949196,-0.0667712577451769,-0.034306030756703,-0.048288171356838,-0.2486590949708654,-0.2111739867175207,-0.2478936127582887,-0.2551040974969863,-0.5575562727562886,-0.2894225317509187,-0.5916634449439249,-0.5282229559332479,0.0,0.0,-0.3836868044893928,-0.4893777324065602,-0.4869179125914225,-0.0549675172650652,-0.5206681605243519,-0.3924876504707552,-0.4683992110617034,-0.4828850945963775,-0.0946705924851398,-0.3262638650809851,-0.2164044044493636,-0.2561962325748274,-0.276214645568117,-0.0879368399186694,-0.2002238891750264,0.0,-0.004201050309851,0.0,-0.0986358496183803,-0.0927094565837939,-0.02655545933113,1.3649162423788892,-0.4410602834353505,-0.5673684319832873,-0.6230877550978614,-0.5670749396477422,-0.4311282578296589,-0.2502766067129723,-0.2002238891750264,-0.0118830987139342,1.2254728920670044,-0.7588651797934491,-0.2810490532092469,-0.004201050309851,-0.0118830987139342,0.5859684647458122,-0.6245369223940151,-0.2478936127582887,-0.5916634449439345,-0.0986358496183803,0.0,0.0,0.0,0.0,0.0,0.0,-0.0860010771949196,-0.034306030756703,-0.0667712577451769,-0.0483351748768585,1.5814447197930164,-0.2575493539260567,-0.0585279065520196,1.919133862220967,-0.1098892891813315,-0.0817863313931983,-0.1286197619184162,-0.0948600784813901,-0.4587285357653331,-0.1376512549750774,-0.466440216124088,-0.4420572865732243,1
-0.5284671331490556,-0.0860010771949196,-0.0667712577451769,-0.0342123630689477,-0.048288171356838,-0.2456698540395862,-0.1693819587286296,-0.2364051085897547,-0.2551040974969863,-0.5575562727562886,-0.2894225317509187,-0.5916634449439249,-0.5282229559332479,0.0,0.0,-0.3836707702622531,-0.4893777324065602,-0.4869155707461564,-0.0549442592078634,-0.5206681605243519,-0.3924876504707552,-0.4683992110617034,-0.4828850945963775,-0.0946705924851398,-0.3262638650809851,-0.2164044044493636,-0.2561962325748274,-0.276214645568117,-0.0879368399186694,-0.2002238891750264,0.0,-0.004201050309851,0.0,-0.1117793011235614,-0.0927094565837939,-0.2229245986285275,0.0632385625784814,-0.3398023374913729,-0.5673684319832873,-0.6198172560056342,-0.568381880238974,-0.4311310348298057,-0.2502766067129723,-0.2002238891750264,-0.0118830987139342,1.2254728920670044,-0.7588651797934491,-0.2810490532092469,-0.004201050309851,-0.0118830987139342,0.5859684647458122,-0.62006669677091,-0.2364051085897547,-0.5916634449439345,-0.1117793011235614,0.0,0.0,0.0,0.0,0.0,0.0,-0.0860010771949196,-0.0342123630689477,-0.0667712577451769,-0.0483351748768585,-0.5242893639295209,-0.2575493539260567,-0.0585279065520196,-0.4349034111170323,-0.1098892891813315,-0.0817863313931983,-0.1286197619184162,-0.0948600784813901,-0.4587285357653331,-0.1376512549750774,-0.466440216124088,-0.4420572865732243,1
-0.5284679772889169,-0.0860010771949196,-0.0667712577451769,-0.034306030756703,-0.048288171356838,-0.2486590949708654,-0.2111739867175207,-0.2478936127582887,-0.2551040974969863,-0.5575562727562886,-0.2894225317509187,-0.5916634449439249,-0.5282229559332479,0.0,0.0,-0.3836772256004522,-0.4893777324065602,-0.4869165135669778,-0.0549536228412823,-0.5206681605243519,-0.3924876504707552,-0.4683992110617034,-0.4828850945963775,-0.0946705924851398,-0.3262638650809851,-0.2164044044493636,-0.2561962325748274,-0.276214645568117,-0.0879368399186694,-0.2002238891750264,0.0,-0.004201050309851,0.0,-0.0986358496183803,-0.0927094565837939,-0.2025226101158046,0.1984778021330017,-0.4410602834353505,-0.5673684319832873,-0.6230877550978614,-0.5670749396477422,-0.4311282578296589,-0.2502766067129723,-0.2002238891750264,-0.0118830987139342,1.2254728920670044,-0.7588651797934491,-0.2810490532092469,-0.004201050309851,-0.0118830987139342,0.5859684647458122,-0.6245369223940151,-0.2478936127582887,-0.5916634449439345,-0.0986358496183803,0.0,0.0,0.0,0.0,0.0,0.0,-0.0860010771949196,-0.034306030756703,-0.0667712577451769,-0.0483351748768585,1.5814447197930164,-0.2575493539260567,-0.0585279065520196,1.919133862220967,-0.1098892891813315,-0.0817863313931983,-0.1286197619184162,-0.0948600784813901,-0.4587285357653331,-0.1376512549750774,-0.466440216124088,-0.4420572865732243,1
-0.5284680589798713,-0.0860010771949196,-0.0667712577451769,-0.0342123630689477,-0.048288171356838,-0.2456698540395862,-0.1693819587286296,-0.2364051085897547,-0.2551040974969863,-0.5575562727562886,-0.2894225317509187,-0.5916634449439249,-0.5282229559332479,0.0,0.0,-0.3836778503106005,-0.4893777324065602,-0.4869166048077025,-0.0549545289993551,-0.5206681605243519,-0.3924876504707552,-0.4683992110617034,-0.4828850945963775,-0.0946705924851398,-0.3262638650809851,-0.2164044044493636,-0.2561962325748274,-0.276214645568117,-0.0879368399186694,-0.2002238891750264,0.0,-0.004201050309851,0.0,-0.1117793011235614,-0.0927094565837939,-0.1994104423952279,0.2191075165176776,-0.3398023374913729,-0.5673684319832873,-0.6198172560056342,-0.568381880238974,-0.4311310348298057,-0.2502766067129723,-0.2002238891750264,-0.0118830987139342,1.2254728920670044,-0.7588651797934491,-0.2810490532092469,-0.004201050309851,-0.0118830987139342,0.5859684647458122,-0.62006669677091,-0.2364051085897547,-0.5916634449439345,-0.1117793011235614,0.0,0.0,0.0,0.0,0.0,0.0,-0.0860010771949196,-0.0342123630689477,-0.0667712577451769,-0.0483351748768585,-0.5242893639295209,-0.2575493539260567,-0.0585279065520196,-0.4349034111170323,-0.1098892891813315,-0.0817863313931983,-0.1286197619184162,-0.0948600784813901,-0.4587285357653331,-0.1376512549750774,-0.466440216124088,-0.4420572865732243,1
-0.5284681951314618,-0.0860010771949196,-0.0667712577451769,-0.034306030756703,-0.048288171356838,-0.2486590949708654,-0.2111739867175207,-0.2478936127582887,-0.2551040974969863,-0.5575562727562886,-0.2894225317509187,-0.5916634449439249,-0.5282229559332479,0.0,0.0,-0.383678891494181,-0.4893777324065602,-0.4869167568755769,-0.0549560392628098,-0.5206681605243519,-0.3924876504707552,-0.4683992110617034,-0.4828850945963775,-0.0946705924851398,-0.3262638650809851,-0.2164044044493636,-0.2561962325748274,-0.276214645568117,-0.0879368399186694,-0.2002238891750264,0.0,-0.004201050309851,0.0,-0.0986358496183803,-0.0927094565837939,-0.1934550596741384,0.2585841307680008,-0.4410602834353505,-0.5673684319832873,-0.6230877550978614,-0.5670749396477422,-0.4311282578296589,-0.2502766067129723,-0.2002238891750264,-0.0118830987139342,1.2254728920670044,-0.7588651797934491,-0.2810490532092469,-0.004201050309851,-0.0118830987139342,0.5859684647458122,-0.6245369223940151,-0.2478936127582887,-0.5916634449439345,-0.0986358496183803,0.0,0.0,0.0,0.0,0.0,0.0,-0.0860010771949196,-0.034306030756703,-0.0667712577451769,-0.0483351748768585,1.5814447197930164,-0.2575493539260567,-0.0585279065520196,1.919133862220967,-0.1098892891813315,-0.0817863313931983,-0.1286197619184162,-0.0948600784813901,-0.4587285357653331,-0.1376512549750774,-0.466440216124088,-0.4420572865732243,1
-0.5284683585133705,-0.0860010771949196,-0.0667712577451769,-0.034306030756703,-0.048288171356838,-0.2486590949708654,-0.2111739867175207,-0.2478936127582887,-0.2551040974969863,-0.5575562727562886,-0.2894225317509187,-0.5916634449439249,-0.5282229559332479,0.0,0.0,-0.3836801409144776,-0.4893777324065602,-0.4869169393570262,-0.0549578515789554,-0.5206681605243519,-0.3924876504707552,-0.4683992110617034,-0.4828850945963775,-0.0946705924851398,-0.3262638650809851,-0.2164044044493636,-0.2561962325748274,-0.276214645568117,-0.0879368399186694,-0.2002238891750264,0.0,-0.004201050309851,0.0,-0.0986358496183803,-0.0927094565837939,-0.1846708702003763,0.3168121365231052,-0.4410602834353505,-0.5673684319832873,-0.6230877550978614,-0.5670749396477422,-0.4311282578296589,-0.2502766067129723,-0.2002238891750264,-0.0118830987139342,1.2254728920670044,-0.7588651797934491,-0.2810490532092469,-0.004201050309851,-0.0118830987139342,0.5859684647458122,-0.6245369223940151,-0.2478936127582887,-0.5916634449439345,-0.0986358496183803,0.0,0.0,0.0,0.0,0.0,0.0,-0.0860010771949196,-0.034306030756703,-0.0667712577451769,-0.0483351748768585,1.5814447197930164,-0.2575493539260567,-0.0585279065520196,1.919133862220967,-0.1098892891813315,-0.0817863313931983,-0.1286197619184162,-0.0948600784813901,-0.4587285357653331,-0.1376512549750774,-0.466440216124088,-0.4420572865732243,1
-0.5284683585133705,-0.0860010771949196,-0.0667712577451769,-0.034306030756703,-0.048288171356838,-0.2486590949708654,-0.2111739867175207,-0.2478936127582887,-0.2551040974969863,-0.5575562727562886,-0.2894225317509187,-0.5916634449439249,-0.5282229559332479,0.0,0.0,-0.3836801409144776,-0.4893777324065602,-0.4869169393570262,-0.0549578515789554,-0.5206681605243519,-0.3924876504707552,-0.4683992110617034,-0.4828850945963775,-0.0946705924851398,-0.3262638650809851,-0.2164044044493636,-0.2561962325748274,-0.276214645568117,-0.0879368399186694,-0.2002238891750264,0.0,-0.004201050309851,0.0,-0.0986358496183803,-0.0927094565837939,-0.1846708702003763,0.3168121365231052,-0.4410602834353505,-0.5673684319832873,-0.6230877550978614,-0.5670749396477422,-0.4311282578296589,-0.2502766067129723,-0.2002238891750264,-0.0118830987139342,1.2254728920670044,-0.7588651797934491,-0.2810490532092469,-0.004201050309851,-0.0118830987139342,0.5859684647458122,-0.6245369223940151,-0.2478936127582887,-0.5916634449439345,-0.0986358496183803,0.0,0.0,0.0,0.0,0.0,0.0,-0.0860010771949196,-0.034306030756703,-0.0667712577451769,-0.0483351748768585,1.5814447197930164,-0.2575493539260567,-0.0585279065520196,1.919133862220967,-0.1098892891813315,-0.0817863313931983,-0.1286197619184162,-0.0948600784813901,-0.4587285357653331,-0.1376512549750774,-0.466440216124088,-0.4420572865732243,1
-0.5284678955979626,-0.0860010771949196,-0.0667712577451769,-0.034306030756703,-0.048288171356838,-0.2486590949708654,-0.2111739867175207,-0.2478936127582887,-0.2551040974969863,-0.5575562727562886,-0.2894225317509187,-0.5916634449439249,-0.5282229559332479,0.0,0.0,-0.3836766008903039,-0.4893777324065602,-0.4869164223262532,-0.0549527166832095,-0.5206681605243519,-0.3924876504707552,-0.4683992110617034,-0.4828850945963775,-0.0946705924851398,-0.3262638650809851,-0.2164044044493636,-0.2561962325748274,-0.276214645568117,-0.0879368399186694,-0.2002238891750264,0.0,-0.004201050309851,0.0,-0.0986358496183803,-0.0927094565837939,-0.2053475008557194,0.1797523688129873,-0.4410602834353505,-0.5673684319832873,-0.6230877550978614,-0.5670749396477422,-0.4311282578296589,-0.2502766067129723,-0.2002238891750264,-0.0118830987139342,1.2254728920670044,-0.7588651797934491,-0.2810490532092469,-0.004201050309851,-0.0118830987139342,0.5859684647458122,-0.6245369223940151,-0.2478936127582887,-0.5916634449439345,-0.0986358496183803,0.0,0.0,0.0,0.0,0.0,0.0,-0.0860010771949196,-0.034306030756703,-0.0667712577451769,-0.0483351748768585,1.5814447197930164,-0.2575493539260567,-0.0585279065520196,1.919133862220967,-0.1098892891813315,-0.0817863313931983,-0.1286197619184162,-0.0948600784813901,-0.4587285357653331,-0.1376512549750774,-0.466440216124088,-0.4420572865732243,1
-0.5284689031197326,-0.0860010771949196,-0.0667712577451769,-0.034306030756703,-0.048288171356838,-0.2486590949708654,-0.2111739867175207,-0.2478936127582887,-0.2551040974969863,-0.5575562727562886,-0.2894225317509187,-0.5916634449439249,-0.5282229559332479,0.0,0.0,-0.3836843056487996,-0.4893777324065602,-0.4869175476285239,-0.054963892632774,-0.5206681605243519,-0.3924876504707552,-0.4683992110617034,-0.4828850945963775,-0.0946705924851398,-0.3262638650809851,-0.2164044044493636,-0.2561962325748274,-0.276214645568117,-0.0879368399186694,-0.2002238891750264,0.0,-0.004201050309851,0.0,-0.0986358496183803,-0.0927094565837939,-0.1282010806123485,0.691135031417697,-0.4410602834353505,-0.5673684319832873,-0.6230877550978614,-0.5670749396477422,-0.4311282578296589,-0.2502766067129723,-0.2002238891750264,-0.0118830987139342,1.2254728920670044,-0.7588651797934491,-0.2810490532092469,-0.004201050309851,-0.0118830987139342,0.5859684647458122,-0.6245369223940151,-0.2478936127582887,-0.5916634449439345,-0.0986358496183803,0.0,0.0,0.0,0.0,0.0,0.0,-0.0860010771949196,-0.034306030756703,-0.0667712577451769,-0.0483351748768585,1.5814447197930164,-0.2575493539260567,-0.0585279065520196,1.919133862220967,-0.1098892891813315,-0.0817863313931983,-0.1286197619184162,-0.0948600784813901,-0.4587285357653331,-0.1376512549750774,-0.466440216124088,-0.4420572865732243,1
